{"loss": [0.43849095702171326, 0.36671310663223267, 0.3623582720756531, 0.3560996651649475, 0.34524163603782654, 0.33766016364097595, 0.33611974120140076, 0.3304769694805145, 0.3246387541294098, 0.3144649267196655, 0.3121301531791687, 0.30949512124061584, 0.3090614974498749, 0.30631396174430847, 0.3069823384284973, 0.3059464693069458, 0.30221492052078247, 0.30508092045783997, 0.3032306432723999, 0.3026532530784607, 0.30135807394981384, 0.3043545186519623, 0.3015323579311371, 0.29990437626838684, 0.2991909086704254, 0.3009133040904999, 0.3043396770954132, 0.29984086751937866, 0.30006709694862366, 0.29950234293937683, 0.2960346043109894, 0.3013482987880707, 0.2961540222167969, 0.29613810777664185, 0.3000619411468506, 0.2984441816806793, 0.2953775227069855, 0.2945966124534607, 0.2957335412502289, 0.2955998480319977, 0.29519614577293396, 0.2941650152206421, 0.2914603054523468, 0.2920989692211151, 0.29865705966949463, 0.2910783588886261, 0.29305946826934814, 0.2904530465602875, 0.29038023948669434, 0.2891811728477478, 0.2943378686904907, 0.29004818201065063, 0.28805747628211975, 0.28786909580230713, 0.2880898714065552, 0.29120177030563354, 0.28777921199798584, 0.2866953909397125, 0.28934475779533386, 0.28543558716773987, 0.2856857180595398, 0.28747501969337463, 0.2829016149044037, 0.2878834009170532, 0.28443536162376404, 0.2808343172073364, 0.28521931171417236, 0.28346556425094604, 0.28317829966545105, 0.28360715508461, 0.2807484567165375], "decoder_loss": [0.05744672194123268, 0.05660499632358551, 0.05634265020489693, 0.05604950711131096, 0.052996695041656494, 0.051609765738248825, 0.05131608247756958, 0.04981303960084915, 0.046079281717538834, 0.0415148101747036, 0.039533581584692, 0.038140036165714264, 0.0375569723546505, 0.03744566813111305, 0.03732369467616081, 0.0366409532725811, 0.03654167428612709, 0.03742118552327156, 0.037174779921770096, 0.03692213073372841, 0.03632383421063423, 0.03714755177497864, 0.036480266600847244, 0.036852654069662094, 0.03650783747434616, 0.0369676910340786, 0.036722298711538315, 0.03661277890205383, 0.03664550185203552, 0.03669331595301628, 0.03665103018283844, 0.03719712793827057, 0.036841388791799545, 0.036790426820516586, 0.037380777299404144, 0.036862313747406006, 0.03718702867627144, 0.036968693137168884, 0.036495525389909744, 0.036707568913698196, 0.03669009730219841, 0.03684360533952713, 0.03670020028948784, 0.03682773560285568, 0.03710274398326874, 0.036794934421777725, 0.036916982382535934, 0.03668925166130066, 0.036799438297748566, 0.036639850586652756, 0.03683970868587494, 0.03726116567850113, 0.03676768019795418, 0.03681256249547005, 0.03715542331337929, 0.037138644605875015, 0.03694622963666916, 0.03677194193005562, 0.03718744218349457, 0.036718279123306274, 0.037128008902072906, 0.03683359920978546, 0.036516059190034866, 0.037276964634656906, 0.036951929330825806, 0.03677744418382645, 0.037199344485998154, 0.037136517465114594, 0.03722911328077316, 0.03720714524388313, 0.03673935309052467], "classifier_loss": [2.35705828666687, 2.36710786819458, 2.372828483581543, 2.3433375358581543, 2.2767105102539062, 2.23195219039917, 2.230691432952881, 2.2025952339172363, 2.1877713203430176, 2.1438231468200684, 2.1436421871185303, 2.1348371505737305, 2.1372172832489014, 2.116731643676758, 2.1242048740386963, 2.122037172317505, 2.0936074256896973, 2.1102144718170166, 2.096801280975342, 2.094604253768921, 2.089137315750122, 2.1061594486236572, 2.0894994735717773, 2.073394298553467, 2.070645809173584, 2.080325126647949, 2.1094956398010254, 2.073995590209961, 2.075202226638794, 2.069831609725952, 2.0427017211914062, 2.080583095550537, 2.0411903858184814, 2.041212320327759, 2.0671629905700684, 2.0578787326812744, 2.031283140182495, 2.026029586791992, 2.03888201713562, 2.0361239910125732, 2.032944917678833, 2.0226480960845947, 2.0021324157714844, 2.006235122680664, 2.055922508239746, 1.9976186752319336, 2.0111241340637207, 1.9921079874038696, 1.9904954433441162, 1.9822450876235962, 2.0212690830230713, 1.9831559658050537, 1.9708234071731567, 1.9686715602874756, 1.9673720598220825, 1.9920637607574463, 1.9658058881759644, 1.958106279373169, 1.9753764867782593, 1.947191834449768, 1.945467472076416, 1.9619927406311035, 1.9277328252792358, 1.961279273033142, 1.9358912706375122, 1.9076720476150513, 1.9380532503128052, 1.9248145818710327, 1.921846628189087, 1.9252501726150513, 1.9054280519485474], "decoder_accuracy": [0.03519642725586891, 0.0493035726249218, 0.054651785641908646, 0.05980357155203819, 0.05345535650849342, 0.05724107101559639, 0.05658035725355148, 0.054473213851451874, 0.052321430295705795, 0.05679464340209961, 0.05936606973409653, 0.060526784509420395, 0.060428570955991745, 0.059687498956918716, 0.06003571301698685, 0.06076785549521446, 0.061196427792310715, 0.05860714241862297, 0.06021428480744362, 0.06001785770058632, 0.059241071343421936, 0.05999999865889549, 0.05838392674922943, 0.05867857113480568, 0.058419641107320786, 0.059812501072883606, 0.05858928710222244, 0.060008928179740906, 0.05840178579092026, 0.058491069823503494, 0.05779464170336723, 0.05810714140534401, 0.057651784271001816, 0.05853571370244026, 0.05825892835855484, 0.058991070836782455, 0.05776785686612129, 0.05855357274413109, 0.058794643729925156, 0.05713392794132233, 0.057258930057287216, 0.05637500062584877, 0.0567232146859169, 0.05690178647637367, 0.05615178495645523, 0.0575089268386364, 0.05754464119672775, 0.059142857789993286, 0.056535713374614716, 0.05603571608662605, 0.05785714462399483, 0.05620535835623741, 0.05636607110500336, 0.05825892835855484, 0.05732142925262451, 0.0575089268386364, 0.05534821376204491, 0.05636607110500336, 0.05659821256995201, 0.057357143610715866, 0.057473212480545044, 0.05716071277856827, 0.05872321501374245, 0.055294644087553024, 0.05761606991291046, 0.05757142975926399, 0.05723214149475098, 0.058321427553892136, 0.056187499314546585, 0.05612500011920929, 0.05756250023841858], "classifier_accuracy": [0.10571428388357162, 0.09628571569919586, 0.09371428936719894, 0.11085714399814606, 0.13942857086658478, 0.16114285588264465, 0.1542857140302658, 0.18028570711612701, 0.17800000309944153, 0.20828571915626526, 0.20342856645584106, 0.21314285695552826, 0.2102857083082199, 0.22514285147190094, 0.21371428668498993, 0.20828571915626526, 0.22742857038974762, 0.21799999475479126, 0.22742857038974762, 0.22285714745521545, 0.22685714066028595, 0.22228571772575378, 0.2354285717010498, 0.24314285814762115, 0.22542856633663177, 0.22771428525447845, 0.22742857038974762, 0.23999999463558197, 0.2288571447134018, 0.2442857176065445, 0.25200000405311584, 0.22514285147190094, 0.25457143783569336, 0.25114285945892334, 0.23571428656578064, 0.24542857706546783, 0.2491428554058075, 0.26085713505744934, 0.2402857095003128, 0.25028571486473083, 0.2540000081062317, 0.25457143783569336, 0.2668571472167969, 0.261428564786911, 0.23800000548362732, 0.263142853975296, 0.25514286756515503, 0.2662857174873352, 0.26657143235206604, 0.25999999046325684, 0.2557142972946167, 0.26514285802841187, 0.2765714228153229, 0.2734285593032837, 0.27399998903274536, 0.26914286613464355, 0.27714285254478455, 0.28285714983940125, 0.2800000011920929, 0.2922857105731964, 0.2782857120037079, 0.27314284443855286, 0.28999999165534973, 0.28457143902778625, 0.29085713624954224, 0.3017142713069916, 0.28542858362197876, 0.2919999957084656, 0.2928571403026581, 0.28942856192588806, 0.29914286732673645],