{"loss": [0.4127647876739502, 0.34704339504241943, 0.3359169363975525, 0.33216577768325806, 0.33039045333862305, 0.3233427405357361, 0.3179040551185608, 0.31294772028923035, 0.31332269310951233, 0.31036561727523804, 0.3085911273956299, 0.3059315085411072, 0.3069465756416321, 0.3053675889968872, 0.3054465353488922, 0.3025003969669342, 0.30324864387512207, 0.3019406497478485, 0.30056095123291016, 0.3012768626213074, 0.3011605441570282, 0.3011249303817749, 0.30124932527542114, 0.30093908309936523, 0.29742833971977234, 0.3005151152610779, 0.29738670587539673, 0.29673391580581665, 0.2970912456512451, 0.2948642373085022, 0.2943993806838989, 0.2945461869239807, 0.2940605878829956, 0.2937891483306885, 0.29519087076187134, 0.29364556074142456, 0.293118417263031, 0.29680749773979187, 0.29125070571899414, 0.29230764508247375, 0.29043808579444885, 0.29214462637901306, 0.2903781533241272, 0.2887519299983978, 0.290922611951828, 0.28725963830947876, 0.2904542088508606, 0.29305389523506165, 0.2890722155570984, 0.2895767390727997, 0.2906314432621002, 0.28663092851638794, 0.2854125499725342], "decoder_loss": [0.05711793899536133, 0.051844075322151184, 0.04730687290430069, 0.04570626839995384, 0.045283280313014984, 0.04351327195763588, 0.04138790816068649, 0.039837732911109924, 0.039691947400569916, 0.038528431206941605, 0.03766428679227829, 0.03777294605970383, 0.03772815689444542, 0.03768699988722801, 0.03690706938505173, 0.036831505596637726, 0.03710271418094635, 0.03695572167634964, 0.03670264035463333, 0.037086743861436844, 0.03716559708118439, 0.03698078542947769, 0.03705879673361778, 0.03674174100160599, 0.036864615976810455, 0.037304289638996124, 0.03696634992957115, 0.0372672975063324, 0.03681091219186783, 0.036651428788900375, 0.03679589927196503, 0.0366983488202095, 0.037365928292274475, 0.036920733749866486, 0.0371171273291111, 0.036858659237623215, 0.03698745742440224, 0.03679443150758743, 0.036749467253685, 0.036619290709495544, 0.03679114580154419, 0.036895737051963806, 0.036940764635801315, 0.03671463951468468, 0.03713797777891159, 0.036877937614917755, 0.03695489838719368, 0.03716423362493515, 0.036816444247961044, 0.03735197335481644, 0.03693736717104912, 0.03681715577840805, 0.03735112398862839], "classifier_loss": [2.3771681785583496, 2.280177354812622, 2.239868402481079, 2.231635570526123, 2.2278857231140137, 2.1897594928741455, 2.1644365787506104, 2.1402840614318848, 2.1457653045654297, 2.1320853233337402, 2.125662088394165, 2.104825735092163, 2.113056182861328, 2.1012215614318848, 2.1082420349121094, 2.0852246284484863, 2.0899744033813477, 2.0807158946990967, 2.0716540813446045, 2.0738863945007324, 2.072420358657837, 2.073021173477173, 2.0725624561309814, 2.0718629360198975, 2.043368101119995, 2.064527750015259, 2.041773796081543, 2.0339603424072266, 2.040170907974243, 2.023581027984619, 2.018855333328247, 2.0209593772888184, 2.0115747451782227, 2.0124619007110596, 2.021383285522461, 2.010927200317383, 2.005490303039551, 2.03609037399292, 1.99186372756958, 2.0008344650268555, 1.9845681190490723, 1.9970086812973022, 1.981928825378418, 1.9705355167388916, 1.9841426610946655, 1.956843376159668, 1.981256127357483, 2.000027656555176, 1.9703891277313232, 1.9698421955108643, 1.9815313816070557, 1.9501210451126099, 1.9357908964157104], "decoder_accuracy": [0.033851563930511475, 0.03695312514901161, 0.04262499883770943, 0.04775781184434891, 0.0511484369635582, 0.0521249994635582, 0.05039062350988388, 0.05141406133770943, 0.05294531211256981, 0.05357031151652336, 0.05388281121850014, 0.054289061576128006, 0.05623437464237213, 0.05738281086087227, 0.056898437440395355, 0.058460935950279236, 0.059593748301267624, 0.05774218589067459, 0.05928906425833702, 0.05947656184434891, 0.05999218672513962, 0.05989062413573265, 0.059437498450279236, 0.05950000137090683, 0.05875781178474426, 0.060289062559604645, 0.059187501668930054, 0.05919531360268593, 0.0576171875, 0.05735156312584877, 0.058976560831069946, 0.057414062321186066, 0.0572500005364418, 0.057343751192092896, 0.05804687365889549, 0.056398436427116394, 0.056882813572883606, 0.05646093934774399, 0.056664060801267624, 0.056757811456918716, 0.05719531327486038, 0.055531248450279236, 0.05491406098008156, 0.054625000804662704, 0.053593751043081284, 0.05476562678813934, 0.05485937371850014, 0.0534062497317791, 0.054875001311302185, 0.05390625074505806, 0.053507812321186066, 0.0540468767285347, 0.05329687520861626], "classifier_accuracy": [0.09849999845027924, 0.14474999904632568, 0.16249999403953552, 0.15950000286102295, 0.16050000488758087, 0.18649999797344208, 0.20100000500679016, 0.2097499966621399, 0.2032500058412552, 0.2202499955892563, 0.22100000083446503, 0.23000000417232513, 0.2252500057220459, 0.22949999570846558, 0.23149999976158142, 0.23125000298023224, 0.23600000143051147, 0.23375000059604645, 0.23125000298023224, 0.24250000715255737, 0.24525000154972076, 0.24250000715255737, 0.24574999511241913, 0.22824999690055847, 0.2407499998807907, 0.2329999953508377, 0.24899999797344208, 0.2502500116825104, 0.2512499988079071, 0.2549999952316284, 0.2537499964237213, 0.24774999916553497, 0.25699999928474426, 0.257750004529953, 0.25224998593330383, 0.2607499957084656, 0.26100000739097595, 0.25200000405311584, 0.2562499940395355, 0.2590000033378601, 0.2607499957084656, 0.2574999928474426, 0.2680000066757202, 0.26750001311302185, 0.27024999260902405, 0.2672500014305115, 0.2685000002384186, 0.2694999873638153, 0.2707499861717224, 0.27399998903274536, 0.273499995470047, 0.2762500047683716, 0.28824999928474426], "val_loss": [0.3588925898075104, 0.349698930978775, 0.33627527952194214, 0.33672162890434265, 0.3313189744949341, 0.32835158705711365, 0.3202672004699707, 0.31283846497535706, 0.31262120604515076, 0.30958884954452515, 0.30831199884414673, 0.31938132643699646, 0.3094160854816437, 0.31024453043937683, 0.3096430003643036, 0.3153475522994995, 0.310977041721344, 0.3101913332939148, 0.32433295249938965, 0.31404173374176025, 0.3108901083469391, 0.3180594742298126, 0.3197162449359894, 0.309544175863266, 0.31194621324539185, 0.31351444125175476, 0.31263285875320435, 0.3156617283821106, 0.3178867697715759, 0.30771464109420776, 0.30437496304512024, 0.305156409740448, 0.3012443780899048, 0.3227123022079468, 0.3069756329059601, 0.3125322759151459, 0.3132743835449219, 0.3050207495689392, 0.3019014298915863, 0.3091851472854614, 0.3128052353858948, 0.31641489267349243, 0.3063156306743622, 0.32328328490257263, 0.30768054723739624, 0.3252418637275696, 0.30817535519599915, 0.31534045934677124, 0.30881670117378235, 0.31320643424987793, 0.31112515926361084, 0.304399311542511, 0.3288944363594055], "val_decoder_loss": [0.05628509074449539, 0.046839646995067596, 0.04555981606245041, 0.04525765776634216, 0.04324927181005478, 0.04145771637558937, 0.041591282933950424, 0.03905772790312767, 0.03718516230583191, 0.036729034036397934, 0.03707827255129814, 0.03654223680496216, 0.03688453137874603, 0.036488600075244904, 0.03601834923028946, 0.035255346447229385, 0.036222051829099655, 0.03614479675889015, 0.04010005295276642, 0.03619541600346565, 0.036439720541238785, 0.03735765814781189, 0.03736637160181999, 0.03697533160448074, 0.03914416953921318, 0.03676566854119301, 0.036340273916721344, 0.03590016812086105, 0.039226166903972626, 0.03648858517408371, 0.035163722932338715, 0.03945725038647652, 0.0364115871489048, 0.035872962325811386, 0.03655257821083069, 0.03681454062461853, 0.03721122443675995, 0.03716277703642845, 0.035890791565179825, 0.037709809839725494, 0.03667339310050011, 0.03610926494002342, 0.03698006644845009, 0.035812582820653915, 0.03758633881807327, 0.03598763793706894, 0.03607892245054245, 0.03565014526247978, 0.041503772139549255, 0.03743813931941986, 0.03542516380548477, 0.03633755072951317, 0.03668743744492531],