{"loss": [0.39399218559265137, 0.2622520327568054, 0.20643214881420135, 0.17439331114292145, 0.15476347506046295, 0.14148099720478058, 0.13541191816329956, 0.12141074240207672, 0.12299784272909164, 0.11240630596876144, 0.110153429210186, 0.1077464148402214, 0.10496646910905838, 0.12037599831819534, 0.10728040337562561, 0.10129572451114655, 0.1052308902144432, 0.09651768952608109, 0.09956906735897064, 0.09535972774028778, 0.09335952252149582, 0.09692206978797913, 0.0968429297208786, 0.0888913944363594, 0.09028459340333939, 0.09008802473545074, 0.08460058271884918, 0.08275069296360016, 0.09480530023574829, 0.09139496088027954, 0.08699098229408264, 0.08579086512327194, 0.093635194003582, 0.08985444158315659, 0.08270332962274551, 0.08734307438135147, 0.08684135973453522, 0.0785134881734848, 0.08987165987491608, 0.08676756173372269, 0.07903210818767548, 0.07633183151483536, 0.08052601665258408, 0.09013024717569351, 0.08700332045555115, 0.08113397657871246, 0.07450203597545624, 0.07244737446308136, 0.08415140211582184, 0.0905863419175148, 0.08790557086467743, 0.07968703657388687, 0.07789778709411621, 0.07995551824569702, 0.09277711808681488, 0.08059685677289963, 0.07506131380796432, 0.07243479788303375, 0.0740874782204628, 0.07327473908662796, 0.07001937180757523, 0.06939973682165146], "decoder_loss": [0.08288577198982239, 0.0748497024178505, 0.074300117790699, 0.07020634412765503, 0.06625352799892426, 0.06376708298921585, 0.06191503256559372, 0.06051202118396759, 0.06018282100558281, 0.05873345956206322, 0.058112338185310364, 0.05738583579659462, 0.05673569440841675, 0.05720917135477066, 0.05601269379258156, 0.055805932730436325, 0.05565725639462471, 0.05488007143139839, 0.054722584784030914, 0.05431577190756798, 0.05393281951546669, 0.05382293835282326, 0.053385231643915176, 0.05262899398803711, 0.052608270198106766, 0.052234724164009094, 0.05197453126311302, 0.05172305554151535, 0.05238718166947365, 0.05201663076877594, 0.05152476578950882, 0.051390811800956726, 0.05162855610251427, 0.0511610172688961, 0.05052041634917259, 0.05072598159313202, 0.05084453523159027, 0.05008475109934807, 0.05106334015727043, 0.050369590520858765, 0.04970017448067665, 0.049453917890787125, 0.049367524683475494, 0.05025408789515495, 0.05004866421222687, 0.04943057894706726, 0.04899897426366806, 0.04855743795633316, 0.04948154836893082, 0.05029575526714325, 0.05022349953651428, 0.04914231225848198, 0.04879613220691681, 0.048602499067783356, 0.049727946519851685, 0.04864533990621567, 0.04825880005955696, 0.04781279340386391, 0.04802433028817177, 0.04773753136396408, 0.04729351028800011, 0.047477837651968], "classifier_loss": [1.8288884162902832, 1.1902843713760376, 0.7632948756217957, 0.5452794432640076, 0.42138832807540894, 0.33998650312423706, 0.3101554811000824, 0.22065111994743347, 0.23976314067840576, 0.1777476966381073, 0.17569300532341003, 0.16374506056308746, 0.15726079046726227, 0.2708636224269867, 0.16492217779159546, 0.12961360812187195, 0.16759827733039856, 0.11159913241863251, 0.14268013834953308, 0.11652276664972305, 0.10737121850252151, 0.13961029052734375, 0.13787370920181274, 0.08728580176830292, 0.10573681443929672, 0.10444235056638718, 0.07107082009315491, 0.06989159435033798, 0.156105175614357, 0.12030889838933945, 0.09341586381196976, 0.09118720889091492, 0.15248678624629974, 0.11745655536651611, 0.07249311357736588, 0.10992977023124695, 0.10210977494716644, 0.05065464600920677, 0.13345295190811157, 0.10480847209692001, 0.052806876599788666, 0.044410765171051025, 0.08516514301300049, 0.14206185936927795, 0.11495222896337509, 0.07622747868299484, 0.037062712013721466, 0.03481338918209076, 0.12569311261177063, 0.1586640477180481, 0.12694378197193146, 0.07479013502597809, 0.06607042998075485, 0.08769695460796356, 0.1708461046218872, 0.079038105905056, 0.046550452709198, 0.03797774389386177, 0.05763132870197296, 0.056016359478235245, 0.03873245418071747, 0.039230622351169586], "decoder_accuracy": [0.07091964036226273, 0.08378571271896362, 0.09232142567634583, 0.09691071510314941, 0.10088393092155457, 0.10286606848239899, 0.10533928871154785, 0.10575000196695328, 0.10578571259975433, 0.10463392734527588, 0.10457143187522888, 0.10903571546077728, 0.10887499898672104, 0.10998214036226273, 0.11138392984867096, 0.11046428233385086, 0.11208035796880722, 0.11396428942680359, 0.11638392508029938, 0.11530356854200363, 0.12017857283353806, 0.11989285796880722, 0.12005357444286346, 0.12308035790920258, 0.1223125010728836, 0.12715178728103638, 0.12693749368190765, 0.12746427953243256, 0.12371428310871124, 0.1229642853140831, 0.12478571385145187, 0.12776786088943481, 0.1277589350938797, 0.12437500059604645, 0.128553569316864, 0.12845535576343536, 0.12792856991291046, 0.129196435213089, 0.12891072034835815, 0.13164286315441132, 0.13356250524520874, 0.134526789188385, 0.1341339349746704, 0.12943750619888306, 0.12891964614391327, 0.1327410787343979, 0.13361607491970062, 0.13600000739097595, 0.13321428000926971, 0.13013392686843872, 0.12846428155899048, 0.1311071366071701, 0.13508929312229156, 0.13558928668498993, 0.1312410682439804, 0.13404464721679688, 0.13456250727176666, 0.13641071319580078, 0.13565178215503693, 0.13801786303520203, 0.13916070759296417, 0.13888393342494965], "classifier_accuracy": [0.30024999380111694, 0.547249972820282, 0.7162500023841858, 0.8417500257492065, 0.8837500214576721, 0.9152500033378601, 0.9179999828338623, 0.9427499771118164, 0.9399999976158142, 0.9589999914169312, 0.9605000019073486, 0.9592499732971191, 0.9649999737739563, 0.9282500147819519, 0.9635000228881836, 0.9692500233650208, 0.9582499861717224, 0.9729999899864197, 0.9664999842643738, 0.9732499718666077, 0.9747499823570251, 0.9664999842643738, 0.9647499918937683, 0.9802500009536743, 0.9742500185966492, 0.972000002861023, 0.9835000038146973, 0.9837499856948853, 0.9592499732971191, 0.9710000157356262, 0.9772499799728394, 0.9775000214576721, 0.9607499837875366, 0.9692500233650208, 0.9825000166893005, 0.9737499952316284, 0.9745000004768372, 0.9869999885559082, 0.965499997138977, 0.9722499847412109, 0.9862499833106995, 0.9890000224113464, 0.9794999957084656, 0.9652500152587891, 0.9704999923706055, 0.9819999933242798, 0.9919999837875366, 0.9925000071525574, 0.9664999842643738, 0.9637500047683716, 0.9664999842643738, 0.9817500114440918, 0.9837499856948853, 0.9772499799728394, 0.9537500143051147, 0.9797499775886536, 0.9915000200271606, 0.9897500276565552, 0.9872499704360962, 0.9860000014305115, 0.9900000095367432, 0.9897500276565552], "val_loss": [0.31595662236213684, 0.22964175045490265, 0.1977619230747223, 0.20582738518714905, 0.17543475329875946, 0.1661386787891388, 0.15894414484500885, 0.14677242934703827, 0.1564067304134369, 0.14083144068717957, 0.13883110880851746, 0.14281205832958221, 0.15301504731178284, 0.14323610067367554, 0.13976266980171204, 0.13462971150875092, 0.1345473825931549, 0.12445387244224548, 0.1262844204902649, 0.1497594267129898, 0.1392122060060501, 0.14573006331920624, 0.1388298124074936, 0.1394731104373932, 0.15078073740005493, 0.12622685730457306, 0.12874585390090942, 0.1498361974954605, 0.13689446449279785, 0.13937927782535553, 0.14269675314426422, 0.13035839796066284, 0.12661048769950867, 0.1233869269490242, 0.12728649377822876, 0.13387645781040192, 0.12869691848754883, 0.12090198695659637, 0.14611560106277466, 0.12275594472885132, 0.13119469583034515, 0.11442209780216217, 0.14389489591121674, 0.12484138458967209, 0.1256018877029419, 0.1327919065952301, 0.127772718667984, 0.11657169461250305, 0.1430906355381012, 0.16325008869171143, 0.12773078680038452, 0.12304562330245972, 0.13113951683044434, 0.1595950424671173, 0.12818239629268646, 0.12192104011774063, 0.11952729523181915, 0.12002736330032349, 0.1216873899102211, 0.12089361250400543, 0.11846188455820084, 0.12317805737257004],