{"loss": [0.5355783700942993, 0.34442901611328125, 0.2713216245174408, 0.22362011671066284, 0.19757355749607086, 0.17154815793037415, 0.15516254305839539, 0.1408093273639679, 0.13621819019317627, 0.12722674012184143, 0.11900924146175385, 0.11522820591926575, 0.1139330044388771, 0.1151047945022583, 0.11033444851636887, 0.10775970667600632, 0.1039230078458786, 0.10189394652843475, 0.10089166462421417, 0.09681116789579391, 0.09464036673307419, 0.09544398635625839, 0.09568962454795837, 0.10408252477645874, 0.10071596503257751, 0.10036458820104599, 0.09562569856643677, 0.10061183571815491, 0.09670059382915497, 0.09395205974578857, 0.090699203312397, 0.08719050139188766, 0.08518332242965698, 0.08549147099256516, 0.08703844249248505, 0.08391446620225906, 0.08716312050819397, 0.08470068126916885, 0.08528897166252136, 0.08464472740888596, 0.08679475635290146, 0.09048048406839371, 0.09202730655670166, 0.0924266129732132, 0.09116172045469284, 0.08567576110363007, 0.08752226829528809, 0.08597078919410706, 0.08364733308553696, 0.0800032839179039, 0.08022936433553696, 0.07805735617876053, 0.07830019295215607, 0.07770060747861862, 0.07505428045988083, 0.07293453812599182, 0.07205811887979507, 0.07051484286785126, 0.069668248295784, 0.06843486428260803, 0.0673653855919838, 0.06644889712333679, 0.06646665185689926, 0.07229672372341156, 0.08786781877279282, 0.08473619073629379, 0.0805019736289978, 0.08017559349536896, 0.08279096335172653, 0.08712119609117508, 0.08298952132463455, 0.08213245123624802, 0.07807400822639465, 0.07725022733211517, 0.07767421007156372, 0.08097022026777267, 0.0779130756855011, 0.07735218852758408], "decoder_loss": [0.11676875501871109, 0.0807516798377037, 0.0807601660490036, 0.08175156265497208, 0.07996153831481934, 0.07883449643850327, 0.07658135145902634, 0.07434745132923126, 0.07218341529369354, 0.06981167942285538, 0.06762511283159256, 0.0659925639629364, 0.064944326877594, 0.06392358988523483, 0.0635039433836937, 0.061957668513059616, 0.061721883714199066, 0.06082722544670105, 0.06000300496816635, 0.05927341803908348, 0.058886222541332245, 0.0581648014485836, 0.05816119536757469, 0.057973943650722504, 0.05810096114873886, 0.05705839395523071, 0.05642605200409889, 0.05649271607398987, 0.055887285619974136, 0.055502694100141525, 0.05526356026530266, 0.05497180297970772, 0.05443699657917023, 0.05472161993384361, 0.05445266515016556, 0.054023757576942444, 0.05378943309187889, 0.0537729449570179, 0.05354011431336403, 0.05334191024303436, 0.05346212536096573, 0.05362500250339508, 0.05328421667218208, 0.053538333624601364, 0.0530879870057106, 0.0527380146086216, 0.0524151511490345, 0.05237641558051109, 0.052240751683712006, 0.05187210813164711, 0.051948994398117065, 0.05160711705684662, 0.05150872468948364, 0.051439423114061356, 0.051343630999326706, 0.050754379481077194, 0.0505714975297451, 0.05030054226517677, 0.050163742154836655, 0.049874044954776764, 0.049552351236343384, 0.049310531467199326, 0.04921591654419899, 0.05029997602105141, 0.05138679966330528, 0.05160059407353401, 0.050932660698890686, 0.05082610994577408, 0.0507686473429203, 0.05104052275419235, 0.051014240831136703, 0.050257258117198944, 0.05027853325009346, 0.050259046256542206, 0.04997938498854637, 0.05016288533806801, 0.050041452050209045, 0.049794089049100876], "classifier_loss": [2.090446949005127, 1.476218342781067, 1.1012139320373535, 0.7750764489173889, 0.6053131222724915, 0.4190482795238495, 0.3147507309913635, 0.22883650660514832, 0.21794185042381287, 0.17090316116809845, 0.1320580095052719, 0.12586906552314758, 0.13258835673332214, 0.1538168042898178, 0.12238883972167969, 0.11896497756242752, 0.09602536261081696, 0.09315989911556244, 0.09697788208723068, 0.07677549123764038, 0.0711466372013092, 0.0913061648607254, 0.09555231779813766, 0.16163450479507446, 0.1272037774324417, 0.13019782304763794, 0.09749788790941238, 0.1389019787311554, 0.1106719821691513, 0.0944761335849762, 0.07537362724542618, 0.05598892271518707, 0.05330263450741768, 0.0608348585665226, 0.07936742901802063, 0.06079671159386635, 0.09160671383142471, 0.07136137038469315, 0.07997123897075653, 0.07675874978303909, 0.09239361435174942, 0.11039736121892929, 0.12018875032663345, 0.11680121719837189, 0.10879223048686981, 0.07036767899990082, 0.09299086779356003, 0.08341729640960693, 0.06912434846162796, 0.04788666591048241, 0.0546535961329937, 0.045747317373752594, 0.05426274985074997, 0.054740287363529205, 0.03905364125967026, 0.032846949994564056, 0.03337087109684944, 0.028776519000530243, 0.02839921973645687, 0.025988386943936348, 0.024855399504303932, 0.023868585005402565, 0.028689466416835785, 0.06724713742733002, 0.17192688584327698, 0.1270313858985901, 0.09068627655506134, 0.0879397913813591, 0.1074628084897995, 0.13268829882144928, 0.0933985561132431, 0.09306005388498306, 0.06313268840312958, 0.059686366468667984, 0.06856226176023483, 0.09388643503189087, 0.0700126364827156, 0.06838472187519073], "decoder_accuracy": [0.05064285546541214, 0.06446428596973419, 0.07933035492897034, 0.08087500184774399, 0.08318749815225601, 0.08564285933971405, 0.08492857217788696, 0.08392857015132904, 0.08583928644657135, 0.08776785433292389, 0.09055357426404953, 0.0936874970793724, 0.09561607241630554, 0.09555356949567795, 0.09841964393854141, 0.1008392870426178, 0.10378571599721909, 0.10396428406238556, 0.1080000028014183, 0.10814286023378372, 0.11008035391569138, 0.11091963946819305, 0.11290178447961807, 0.10837499797344208, 0.11139285564422607, 0.111151784658432, 0.11588393151760101, 0.11833035945892334, 0.1145000010728836, 0.11573214083909988, 0.1142946407198906, 0.11873213946819305, 0.11926785856485367, 0.11934821307659149, 0.12075892835855484, 0.1233571395277977, 0.12406250089406967, 0.12301785498857498, 0.12412499636411667, 0.12540178000926971, 0.12294642627239227, 0.12071428447961807, 0.12306249886751175, 0.12321428209543228, 0.12463393062353134, 0.1243392825126648, 0.1278928518295288, 0.12982143461704254, 0.12616963684558868, 0.12889285385608673, 0.12836606800556183, 0.12786607444286346, 0.1292053610086441, 0.1289464235305786, 0.13107143342494965, 0.13059821724891663, 0.13292856514453888, 0.13278570771217346, 0.13357143104076385, 0.13401785492897034, 0.13354463875293732, 0.13549107313156128, 0.1354375034570694, 0.1314374953508377, 0.1293928623199463, 0.12731249630451202, 0.1307053565979004, 0.13341964781284332, 0.1344553530216217, 0.13015177845954895, 0.13224107027053833, 0.13408035039901733, 0.13581250607967377, 0.13535714149475098, 0.1349821388721466, 0.1332053542137146, 0.13180357217788696, 0.13746428489685059],