{"loss": [0.08362475782632828, 0.06370864808559418, 0.06019815430045128, 0.05830879509449005, 0.05707984417676926, 0.0560062974691391, 0.05515404790639877, 0.0545530766248703, 0.05398663505911827, 0.053546082228422165, 0.05314671993255615, 0.05284707620739937, 0.052646685391664505, 0.05239482223987579, 0.052193813025951385, 0.05201380327343941, 0.05190891772508621, 0.05174461752176285, 0.05160931497812271, 0.051585420966148376, 0.05144749581813812, 0.05136391893029213, 0.05132318660616875, 0.051267966628074646, 0.05119333043694496, 0.051122572273015976, 0.051109131425619125, 0.05103716999292374, 0.05096495524048805, 0.05097110569477081, 0.050870630890131, 0.050858404487371445, 0.0508207306265831, 0.050795890390872955, 0.050741519778966904, 0.050750989466905594, 0.050676655024290085, 0.05064931884407997, 0.050626371055841446, 0.05059177801012993, 0.050641268491744995, 0.05053974315524101, 0.05052042752504349, 0.050547342747449875, 0.05050332471728325, 0.050536323338747025, 0.05043358355760574, 0.05047407001256943, 0.050434671342372894, 0.05038196220993996, 0.050394684076309204, 0.05034489557147026, 0.05036194622516632, 0.05040716379880905, 0.050350479781627655, 0.05033973604440689, 0.05027499049901962, 0.050315506756305695, 0.050281133502721786], "accuracy": [0.09995535761117935, 0.1121964305639267, 0.11971428245306015, 0.12209821492433548, 0.12385714054107666, 0.1261875033378601, 0.12505356967449188, 0.1254642903804779, 0.12449107319116592, 0.12381249666213989, 0.12469642609357834, 0.1243392825126648, 0.12520535290241241, 0.12627679109573364, 0.12719643115997314, 0.1265803575515747, 0.12866070866584778, 0.12772321701049805, 0.12869642674922943, 0.12823213636875153, 0.1290714293718338, 0.12849999964237213, 0.1292678564786911, 0.12980356812477112, 0.1281517893075943, 0.12888392806053162, 0.12916071712970734, 0.12864285707473755, 0.13015177845954895, 0.12949107587337494, 0.1309821456670761, 0.13001786172389984, 0.13116072118282318, 0.13081249594688416, 0.13094642758369446, 0.13015177845954895, 0.13022321462631226, 0.13059821724891663, 0.13049107789993286, 0.13092857599258423, 0.13067856431007385, 0.13108035922050476, 0.1322232186794281, 0.13164286315441132, 0.13086606562137604, 0.1317053586244583, 0.13101786375045776, 0.13155357539653778, 0.13074107468128204, 0.13284821808338165, 0.13232143223285675, 0.1320892870426178, 0.1322232186794281, 0.13230356574058533, 0.13217857480049133, 0.1332053542137146, 0.1326160728931427, 0.13303571939468384, 0.13277678191661835], "val_loss": [0.06707476824522018, 0.0610806979238987, 0.05916230008006096, 0.05799635872244835, 0.056396737694740295, 0.056099846959114075, 0.054971955716609955, 0.05507281795144081, 0.05399467423558235, 0.05405716970562935, 0.0536695197224617, 0.05342087149620056, 0.05348248779773712, 0.05323237553238869, 0.05263884365558624, 0.05246725678443909, 0.0530010350048542, 0.052814144641160965, 0.05254475772380829, 0.05268397182226181, 0.05199585109949112, 0.05199870839715004, 0.05192951112985611, 0.0522647462785244, 0.05179385840892792, 0.05225275456905365, 0.051876481622457504, 0.05198882147669792, 0.05206066370010376, 0.05189916864037514, 0.05191697180271149, 0.051524948328733444, 0.051710452884435654, 0.05154706910252571, 0.05217893421649933, 0.0516691729426384, 0.051542866975069046, 0.05141561105847359, 0.051329080015420914, 0.05174246057868004, 0.05181862786412239, 0.0517529733479023, 0.05141241103410721, 0.05157501995563507, 0.05150160193443298, 0.05137546360492706, 0.05174366384744644, 0.05170601233839989, 0.05159323662519455, 0.05170177295804024, 0.05156904086470604, 0.05156150460243225, 0.05152398347854614, 0.051449865102767944, 0.051602624356746674, 0.0515303760766983, 0.05177842080593109, 0.051604241132736206, 0.05152510106563568], "val_accuracy": [0.11100000143051147, 0.11500000208616257, 0.12103571742773056, 0.11610714346170425, 0.1264999955892563, 0.12564285099506378, 0.12082143127918243, 0.12049999833106995, 0.12357142567634583, 0.11999999731779099, 0.12121428549289703, 0.12067857384681702, 0.12089285999536514, 0.12071428447961807, 0.12353571504354477, 0.12310714274644852, 0.12289285659790039, 0.12628571689128876, 0.12353571504354477, 0.1221071407198906, 0.12082143127918243, 0.12325000017881393, 0.12274999916553497, 0.11907143145799637, 0.12596428394317627, 0.12439285963773727, 0.126714289188385, 0.12235714495182037, 0.1253214329481125, 0.12357142567634583, 0.1221071407198906, 0.11953571438789368, 0.12274999916553497, 0.12164285778999329, 0.12264285981655121, 0.12274999916553497, 0.1221785694360733, 0.12464285641908646, 0.1241428554058075, 0.12096428871154785, 0.12232142686843872, 0.1205357164144516, 0.11917857080698013, 0.121714286506176, 0.12371428310871124, 0.12360714375972748, 0.12449999898672104, 0.12042856961488724, 0.12321428209543228, 0.12160713970661163, 0.12150000035762787, 0.12357142567634583, 0.12603572010993958, 0.12600000202655792, 0.12435714155435562, 0.1253928542137146, 0.12442857027053833, 0.12432143092155457, 0.12842857837677002]}