{"loss": [0.08625773340463638, 0.06690692156553268, 0.06321339309215546, 0.06087186560034752, 0.05918679013848305, 0.057798705995082855, 0.05670345574617386, 0.05574344843626022, 0.055145952850580215, 0.05444645136594772, 0.05392836406826973, 0.05353735387325287, 0.05316495895385742, 0.052892111241817474, 0.05264801159501076, 0.05244135484099388, 0.05227150768041611, 0.05206986144185066, 0.051962725818157196, 0.0518079549074173, 0.051704686135053635, 0.05160807818174362, 0.051512617617845535, 0.05148475989699364, 0.051369380205869675, 0.051275238394737244, 0.05126426741480827, 0.051191266626119614, 0.05115020275115967, 0.051091309636831284, 0.05108989030122757, 0.0510566420853138, 0.05094170942902565, 0.05093846842646599, 0.050855763256549835, 0.05087512359023094, 0.05083597078919411, 0.050915271043777466, 0.0507841631770134, 0.05069504305720329, 0.05071363225579262, 0.05063731595873833, 0.05066598206758499, 0.05065929889678955, 0.05059288069605827, 0.050563521683216095, 0.05059300735592842, 0.05053814500570297, 0.050509050488471985, 0.05057939141988754, 0.05047082155942917, 0.05044866353273392, 0.05042776092886925, 0.05044950544834137, 0.05043003708124161, 0.05046969652175903, 0.050420649349689484, 0.05041415989398956, 0.05034436285495758, 0.050376858562231064, 0.0503254309296608, 0.05032894387841225, 0.05034255236387253, 0.05029681324958801, 0.05029040202498436, 0.0502241887152195, 0.05020638555288315, 0.050277382135391235, 0.050352394580841064, 0.05028048902750015, 0.05022845417261124, 0.0501927025616169, 0.05015120282769203, 0.05020541697740555, 0.0502089224755764, 0.05012834817171097, 0.050133511424064636, 0.05012696236371994, 0.05015440657734871, 0.05010591074824333, 0.05008867755532265, 0.05007972940802574, 0.05014233663678169, 0.050073735415935516, 0.05008382350206375, 0.05008239299058914, 0.05004953220486641, 0.05005764588713646, 0.05008016526699066, 0.05004577338695526, 0.049977656453847885], "accuracy": [0.09614285826683044, 0.10928571224212646, 0.11084821075201035, 0.1133124977350235, 0.11649999767541885, 0.11849106848239899, 0.12158035486936569, 0.1230267882347107, 0.12295535951852798, 0.12339285761117935, 0.12570536136627197, 0.12376786023378372, 0.12409821152687073, 0.12461607158184052, 0.12534821033477783, 0.1255892813205719, 0.12548214197158813, 0.12503571808338165, 0.1254642903804779, 0.126776784658432, 0.12603572010993958, 0.1272321492433548, 0.12765178084373474, 0.1261160671710968, 0.12748214602470398, 0.12947320938110352, 0.12820535898208618, 0.1289464235305786, 0.12960714101791382, 0.12837499380111694, 0.13034822046756744, 0.12916964292526245, 0.12883928418159485, 0.12891964614391327, 0.12925000488758087, 0.12968750298023224, 0.12982143461704254, 0.12905357778072357, 0.1300625056028366, 0.13145536184310913, 0.12943750619888306, 0.12963393330574036, 0.12996429204940796, 0.13063393533229828, 0.13009820878505707, 0.13099999725818634, 0.13083036243915558, 0.1307678520679474, 0.13056249916553497, 0.13063393533229828, 0.13075892627239227, 0.13115178048610687, 0.13273213803768158, 0.1307678520679474, 0.13199107348918915, 0.13252678513526917, 0.13263392448425293, 0.13119642436504364, 0.13258035480976105, 0.13282142579555511, 0.13299107551574707, 0.1341964304447174, 0.13243749737739563, 0.13325892388820648, 0.1335982084274292, 0.132874995470047, 0.1338660717010498, 0.13323214650154114, 0.13377678394317627, 0.1335267871618271, 0.13441964983940125, 0.1338660717010498, 0.13437500596046448, 0.1337321400642395, 0.1329375058412552, 0.1335982084274292, 0.13490179181098938, 0.13460713624954224, 0.1353035718202591, 0.13446427881717682, 0.13526785373687744, 0.13469642400741577, 0.13354463875293732, 0.13369642198085785, 0.13415178656578064, 0.13393749296665192, 0.13540178537368774, 0.13437500596046448, 0.13476786017417908, 0.1341875046491623, 0.13490179181098938], "val_loss": [0.06959991902112961, 0.0643574446439743, 0.06273066997528076, 0.06014768034219742, 0.058478765189647675, 0.05751027911901474, 0.056265175342559814, 0.05576653406023979, 0.055113986134529114, 0.05469665676355362, 0.05438819155097008, 0.05395123362541199, 0.053741730749607086, 0.05300365015864372, 0.0532805509865284, 0.05248131975531578, 0.05218794196844101, 0.05281037092208862, 0.052550241351127625, 0.05265532806515694, 0.052473295480012894, 0.05199955031275749, 0.05220240354537964, 0.05254426226019859, 0.05215112119913101, 0.05201530456542969, 0.05218391865491867, 0.05160314217209816, 0.051725126802921295, 0.05180652067065239, 0.05178365483880043, 0.05162227153778076, 0.05188119038939476, 0.05202481895685196, 0.05204465240240097, 0.0519108846783638, 0.05199785158038139, 0.05158025771379471, 0.0517447330057621, 0.051782358437776566, 0.05169627442955971, 0.051500316709280014, 0.051514383405447006, 0.051557958126068115, 0.051419131457805634, 0.05138860270380974, 0.05127326399087906, 0.05140715092420578, 0.05151468515396118, 0.05148051679134369, 0.05165385454893112, 0.051631610840559006, 0.05168205872178078, 0.051625240594148636, 0.05190187692642212, 0.05150321125984192, 0.051788654178380966, 0.05167877674102783, 0.05202312022447586, 0.05146387591958046, 0.05145256221294403, 0.051259174942970276, 0.05169961601495743, 0.051364149898290634, 0.05147957056760788, 0.05150279030203819, 0.05160118266940117, 0.051410265266895294, 0.05157523974776268, 0.05172111093997955, 0.05121329426765442, 0.05147768184542656, 0.0517084114253521, 0.05179127678275108, 0.051355503499507904, 0.05187729373574257, 0.05137517675757408, 0.051259323954582214, 0.05133706331253052, 0.051312968134880066, 0.051420971751213074, 0.05148463696241379, 0.05170740187168121, 0.05121491476893425, 0.051611170172691345, 0.05169845372438431, 0.05179699882864952, 0.05154864862561226, 0.05125144124031067, 0.05140666291117668, 0.051417648792266846], "val_accuracy": [0.1127857118844986, 0.1087857112288475, 0.11164285987615585, 0.11410713940858841, 0.11410713940858841, 0.11707142740488052, 0.11553571373224258, 0.11721428483724594, 0.1172500029206276, 0.1217857152223587, 0.11564286053180695, 0.11946428567171097, 0.12096428871154785, 0.12114285677671432, 0.12232142686843872, 0.12082143127918243, 0.1250714212656021, 0.11907143145799637, 0.12042856961488724, 0.11857143044471741, 0.12260714173316956, 0.1237500011920929, 0.11989285796880722, 0.11989285796880722, 0.12021428346633911, 0.12017857283353806, 0.12267857044935226, 0.12503571808338165, 0.12364285439252853, 0.12403571605682373, 0.1237500011920929, 0.12200000137090683, 0.12164285778999329, 0.11942857503890991, 0.12267857044935226, 0.12203571200370789, 0.1237500011920929, 0.12503571808338165, 0.12524999678134918, 0.12407142668962479, 0.12071428447961807, 0.12139285355806351, 0.1238214299082756, 0.12271428853273392, 0.1264999955892563, 0.12349999696016312, 0.12067857384681702, 0.12271428853273392, 0.12367857247591019, 0.12260714173316956, 0.12114285677671432, 0.1268928498029709, 0.12428571283817291, 0.12357142567634583, 0.12328571081161499, 0.12399999797344208, 0.12082143127918243, 0.12549999356269836, 0.12239285558462143, 0.12321428209543228, 0.12528571486473083, 0.12839286029338837, 0.12425000220537186, 0.12764285504817963, 0.12278571724891663, 0.12496428936719894, 0.12371428310871124, 0.12842857837677002, 0.12189285457134247, 0.12435714155435562, 0.1257142871618271, 0.126178577542305, 0.12135714292526245, 0.12264285981655121, 0.12417857348918915, 0.12464285641908646, 0.1264999955892563, 0.1257857084274292, 0.12528571486473083, 0.1253214329481125, 0.12771429121494293, 0.12292857468128204, 0.1241428554058075, 0.1237500011920929, 0.1237500011920929, 0.12575000524520874, 0.12432143092155457, 0.12621428072452545, 0.12432143092155457, 0.1253928542137146, 0.12564285099506378]}