{"loss": [0.5241178870201111, 0.292006254196167, 0.2699810564517975, 0.2590303122997284, 0.2574295103549957, 0.24970382452011108, 0.2452681064605713, 0.24253115057945251, 0.24197420477867126, 0.23743760585784912, 0.23633886873722076, 0.2356664389371872, 0.23444831371307373, 0.2343870848417282, 0.2312134951353073, 0.23222845792770386, 0.23239770531654358, 0.22954250872135162, 0.23094996809959412, 0.22913119196891785, 0.22898904979228973, 0.22647976875305176, 0.22828273475170135, 0.2286076843738556, 0.22723717987537384, 0.2270839810371399, 0.22771038115024567, 0.22747588157653809, 0.22917401790618896, 0.2263794243335724, 0.2261820137500763, 0.22691568732261658, 0.22583110630512238, 0.2250610589981079, 0.22506868839263916, 0.22509939968585968, 0.22423036396503448, 0.2243962287902832, 0.22474247217178345, 0.22450532019138336, 0.22424110770225525, 0.22340813279151917, 0.22443491220474243, 0.22381585836410522, 0.2237362414598465, 0.22277036309242249, 0.22202329337596893, 0.22261768579483032, 0.2214900702238083, 0.22184240818023682, 0.22252300381660461, 0.2219846248626709, 0.22168482840061188, 0.22118209302425385, 0.22152665257453918, 0.22203224897384644, 0.22143347561359406, 0.22202615439891815, 0.22186289727687836, 0.22182214260101318, 0.22144173085689545, 0.22081217169761658, 0.22063258290290833, 0.21995797753334045, 0.22051700949668884, 0.21973098814487457, 0.22023290395736694, 0.22064617276191711, 0.2202211171388626, 0.21902844309806824, 0.21982316672801971], "decoder_loss": [0.1401270627975464, 0.0858522430062294, 0.0763765349984169, 0.0693327784538269, 0.0655943974852562, 0.06271065026521683, 0.06017843633890152, 0.05872383713722229, 0.05770909786224365, 0.05677663907408714, 0.05604870617389679, 0.05555367469787598, 0.05521756038069725, 0.05498756095767021, 0.054515473544597626, 0.05439893156290054, 0.054298244416713715, 0.053982608020305634, 0.053861819207668304, 0.05369240418076515, 0.05353310704231262, 0.053381893783807755, 0.053402017802000046, 0.053296640515327454, 0.05316650867462158, 0.05305224657058716, 0.05296367034316063, 0.05297957360744476, 0.05300555378198624, 0.05279099941253662, 0.05269816890358925, 0.052663467824459076, 0.05251696705818176, 0.05245165154337883, 0.0523967407643795, 0.052482832223176956, 0.052332911640405655, 0.05229749530553818, 0.052272532135248184, 0.05222240462899208, 0.05221639573574066, 0.05211355909705162, 0.05204537510871887, 0.05210309103131294, 0.052048079669475555, 0.0519707165658474, 0.05192241817712784, 0.05189616605639458, 0.05187708139419556, 0.05187424272298813, 0.05186331272125244, 0.05188395082950592, 0.0516728051006794, 0.05173008143901825, 0.05171768739819527, 0.051659733057022095, 0.0516846664249897, 0.05174066126346588, 0.051791153848171234, 0.051843538880348206, 0.05174258351325989, 0.05160672962665558, 0.05160737410187721, 0.051542069762945175, 0.05152478814125061, 0.05146268755197525, 0.05147377774119377, 0.05158023536205292, 0.051504556089639664, 0.05145056173205376, 0.051441218703985214], "classifier_loss": [2.9679837226867676, 1.5523215532302856, 1.4582470655441284, 1.4325343370437622, 1.4544038772583008, 1.419683814048767, 1.4079506397247314, 1.4007683992385864, 1.4071084260940552, 1.3806076049804688, 1.379679560661316, 1.380029320716858, 1.3745667934417725, 1.3773120641708374, 1.356935739517212, 1.3670835494995117, 1.3702706098556519, 1.3508851528167725, 1.36396062374115, 1.3515199422836304, 1.352373480796814, 1.3342047929763794, 1.3490996360778809, 1.3531975746154785, 1.3438730239868164, 1.3441332578659058, 1.350409746170044, 1.348923921585083, 1.3628649711608887, 1.3427339792251587, 1.3423869609832764, 1.3490233421325684, 1.3419874906539917, 1.336794137954712, 1.3377410173416138, 1.337723731994629, 1.3324071168899536, 1.3344414234161377, 1.3378372192382812, 1.3367327451705933, 1.3350598812103271, 1.3295814990997314, 1.338682770729065, 1.3336334228515625, 1.333787441253662, 1.3270155191421509, 1.3217869997024536, 1.327113389968872, 1.3185888528823853, 1.321760892868042, 1.3276342153549194, 1.3234981298446655, 1.3231159448623657, 1.3189542293548584, 1.3221330642700195, 1.3269506692886353, 1.3222622871398926, 1.3268529176712036, 1.3254305124282837, 1.324960708618164, 1.3230177164077759, 1.3193385601043701, 1.318164587020874, 1.3135682344436646, 1.318443775177002, 1.312913179397583, 1.3170756101608276, 1.3197753429412842, 1.3172343969345093, 1.3083521127700806, 1.315028429031372], "decoder_accuracy": [0.0561530627310276, 0.06714285910129547, 0.07326530665159225, 0.0801224485039711, 0.08592857420444489, 0.08897959440946579, 0.09547959268093109, 0.09709183871746063, 0.09987755119800568, 0.1010306105017662, 0.10296938568353653, 0.10484693944454193, 0.10626530647277832, 0.10497958958148956, 0.10875510424375534, 0.10621428489685059, 0.10819387435913086, 0.1091020405292511, 0.11056122183799744, 0.10939796268939972, 0.11037755012512207, 0.1120000034570694, 0.11030612140893936, 0.11131632328033447, 0.11366326361894608, 0.11406122148036957, 0.1144285723567009, 0.11602041125297546, 0.11407142877578735, 0.11523469537496567, 0.11525510251522064, 0.11526530981063843, 0.11609183996915817, 0.11658163368701935, 0.11683673411607742, 0.11703061312437057, 0.11656122654676437, 0.11870408058166504, 0.11687754839658737, 0.11848979443311691, 0.11770407855510712, 0.11847959458827972, 0.11968367546796799, 0.11925510317087173, 0.11792857199907303, 0.11847959458827972, 0.11846938729286194, 0.1188877522945404, 0.12016326189041138, 0.11937755346298218, 0.11949999630451202, 0.11846938729286194, 0.12208162993192673, 0.12032653391361237, 0.12113264948129654, 0.12083673477172852, 0.1221836730837822, 0.12143877893686295, 0.12042856961488724, 0.11987755447626114, 0.12273469567298889, 0.12132652848958969, 0.12255102396011353, 0.12296938896179199, 0.12307143211364746, 0.12364285439252853, 0.1235102042555809, 0.12204081565141678, 0.1241428554058075, 0.12300000339746475, 0.12399999797344208], "classifier_accuracy": [0.2822857201099396, 0.3805714249610901, 0.4165714383125305, 0.4194285571575165, 0.41771429777145386, 0.427142858505249, 0.4285714328289032, 0.4391428530216217, 0.4337143003940582, 0.44285714626312256, 0.4357142746448517, 0.43942856788635254, 0.44114285707473755, 0.44200000166893005, 0.4528571367263794, 0.4414285719394684, 0.45085713267326355, 0.4642857015132904, 0.4551428556442261, 0.4511428475379944, 0.4522857069969177, 0.46399998664855957, 0.4545714259147644, 0.4465714395046234, 0.4514285624027252, 0.4580000042915344, 0.45399999618530273, 0.4551428556442261, 0.4431428611278534, 0.4528571367263794, 0.4488571286201477, 0.45828571915626526, 0.4545714259147644, 0.4562857151031494, 0.45657142996788025, 0.4608571529388428, 0.4528571367263794, 0.4502857029438019, 0.4480000138282776, 0.45971429347991943, 0.4560000002384186, 0.4577142894268036, 0.4502857029438019, 0.4674285650253296, 0.4571428596973419, 0.4571428596973419, 0.4568571448326111, 0.46142858266830444, 0.46057143807411194, 0.4617142975330353, 0.4511428475379944, 0.4571428596973419, 0.46399998664855957, 0.46399998664855957, 0.46314287185668945, 0.4537142813205719, 0.4634285569190979, 0.46000000834465027, 0.45485714077949524, 0.4545714259147644, 0.46000000834465027, 0.4620000123977661, 0.4571428596973419, 0.4551428556442261, 0.46000000834465027, 0.46228572726249695, 0.45742857456207275, 0.46971428394317627, 0.4714285731315613, 0.4691428542137146, 0.4648571312427521],