{"loss": [0.14293347299098969, 0.05801282450556755, 0.04772408679127693, 0.04415788874030113, 0.04189738258719444, 0.04028851538896561, 0.03944402560591698, 0.03817785903811455, 0.037481777369976044, 0.036621760576963425, 0.03628014773130417, 0.035742007195949554, 0.035067398101091385, 0.034506525844335556, 0.03423609212040901, 0.03439898416399956, 0.03410748019814491, 0.03379403054714203, 0.03336331993341446, 0.03341776877641678, 0.03286997228860855, 0.0328143872320652, 0.03292537108063698, 0.03253244236111641, 0.032575979828834534, 0.032121073454618454, 0.03172682225704193, 0.031743887811899185, 0.03157496079802513, 0.03134700283408165, 0.0314536914229393, 0.031626567244529724, 0.03128527104854584, 0.031011685729026794, 0.030897216871380806, 0.030698733404278755, 0.030669694766402245, 0.030753975734114647, 0.030499646440148354, 0.030656801536679268, 0.030202558264136314, 0.03015187196433544, 0.030166927725076675, 0.02990737184882164, 0.03034776635468006, 0.029784200713038445, 0.030034499242901802, 0.02994496189057827, 0.030267182737588882, 0.030122406780719757, 0.029361920431256294, 0.029633766040205956, 0.029246289283037186, 0.02893141657114029, 0.029792437329888344, 0.028904125094413757, 0.028924476355314255, 0.02967831864953041, 0.02895665541291237, 0.03001978062093258, 0.028934353962540627, 0.029464861378073692, 0.029508426785469055, 0.02934938669204712, 0.028781553730368614, 0.0287364199757576, 0.02880893647670746, 0.02864653244614601, 0.029895972460508347, 0.029503919184207916, 0.02880752459168434, 0.029057901352643967, 0.028567878529429436, 0.028474390506744385, 0.028532616794109344, 0.02834053710103035, 0.029114888980984688, 0.028471535071730614, 0.029866797849535942, 0.028760507702827454, 0.02868306264281273, 0.028434215113520622, 0.02984767034649849, 0.028755363076925278, 0.028110288083553314, 0.027843698859214783, 0.028099631890654564, 0.02864985167980194, 0.02819737233221531, 0.029059993103146553, 0.028983915224671364, 0.028158271685242653, 0.02815791219472885, 0.029105428606271744, 0.029253436252474785, 0.028252560645341873, 0.028121216222643852, 0.028391504660248756, 0.027934473007917404, 0.028856931254267693, 0.028091292828321457, 0.02794431336224079, 0.02815505489706993, 0.027893569320440292, 0.028219345957040787], "accuracy": [0.04962500184774399, 0.056955356150865555, 0.07353571057319641, 0.07923214137554169, 0.08608928322792053, 0.09407142549753189, 0.09507142752408981, 0.10024107247591019, 0.10486607253551483, 0.1076696440577507, 0.10857142508029938, 0.10857142508029938, 0.11158035695552826, 0.11275892704725266, 0.11172321438789368, 0.11120535433292389, 0.11208928376436234, 0.11308928579092026, 0.11255357414484024, 0.11254464089870453, 0.11333035677671432, 0.11506249755620956, 0.1165982112288475, 0.11779464036226273, 0.11545535922050476, 0.11757142841815948, 0.1177767887711525, 0.11556249856948853, 0.1165982112288475, 0.1165357157588005, 0.11769642680883408, 0.11861607432365417, 0.11427678912878036, 0.11575892567634583, 0.11906249821186066, 0.11886607110500336, 0.12076785415410995, 0.11860714107751846, 0.12116964161396027, 0.12076785415410995, 0.1199464276432991, 0.12163393199443817, 0.121982142329216, 0.12387499958276749, 0.12391071766614914, 0.1240803599357605, 0.1241517886519432, 0.12589286267757416, 0.1274285763502121, 0.12365178763866425, 0.12535713613033295, 0.12568749487400055, 0.12504464387893677, 0.12774106860160828, 0.1254642903804779, 0.1278928518295288, 0.1263124942779541, 0.12682142853736877, 0.12989285588264465, 0.12701785564422607, 0.12692856788635254, 0.12600892782211304, 0.12843750417232513, 0.12765178084373474, 0.12949107587337494, 0.12882143259048462, 0.12864285707473755, 0.1317678540945053, 0.1284732073545456, 0.12956249713897705, 0.13233035802841187, 0.13253571093082428, 0.13185714185237885, 0.13212500512599945, 0.13221429288387299, 0.13389286398887634, 0.12832142412662506, 0.13456250727176666, 0.13181249797344208, 0.1333303600549698, 0.13554464280605316, 0.1336607187986374, 0.12963393330574036, 0.13376785814762115, 0.13580356538295746, 0.13582143187522888, 0.13187499344348907, 0.13433928787708282, 0.13416071236133575, 0.13125893473625183, 0.13280357420444489, 0.1339285671710968, 0.1365535706281662, 0.1354464292526245, 0.13545535504817963, 0.13645535707473755, 0.13370536267757416, 0.13553571701049805, 0.13612499833106995, 0.13420535624027252, 0.1366785764694214, 0.1366160660982132, 0.13693749904632568, 0.13724106550216675, 0.13625000417232513], "val_loss": [0.07147322595119476, 0.04987477511167526, 0.045067936182022095, 0.04326332360506058, 0.04168752208352089, 0.040327053517103195, 0.03896526247262955, 0.038282424211502075, 0.03744220361113548, 0.03656117245554924, 0.03614125773310661, 0.03596283495426178, 0.03492435812950134, 0.03511889651417732, 0.03476496413350105, 0.035439640283584595, 0.034650661051273346, 0.03428851440548897, 0.03361329808831215, 0.03362579643726349, 0.03338467702269554, 0.03385619446635246, 0.03392493724822998, 0.033020518720149994, 0.0326702781021595, 0.03267919644713402, 0.03244715556502342, 0.03184141963720322, 0.03187742829322815, 0.031790100038051605, 0.03179869055747986, 0.03150775656104088, 0.03156057745218277, 0.031956106424331665, 0.03203125298023224, 0.03132009133696556, 0.03122974932193756, 0.032218508422374725, 0.030889615416526794, 0.03136540949344635, 0.03131401166319847, 0.03168977051973343, 0.031158043071627617, 0.030920326709747314, 0.032038260251283646, 0.030727814882993698, 0.03257567435503006, 0.03239886462688446, 0.030584746971726418, 0.03102150931954384, 0.030571920797228813, 0.0316641665995121, 0.030495531857013702, 0.030107859522104263, 0.029902899637818336, 0.029965786263346672, 0.0301820021122694, 0.0306243859231472, 0.030596544966101646, 0.030184507369995117, 0.02981169894337654, 0.030687673017382622, 0.03004646673798561, 0.02993103116750717, 0.030202094465494156, 0.029667889699339867, 0.02987472526729107, 0.029884353280067444, 0.029988467693328857, 0.03043120540678501, 0.02967720851302147, 0.029817434027791023, 0.030199432745575905, 0.030545519664883614, 0.03002547286450863, 0.02938520349562168, 0.0294748917222023, 0.030258363112807274, 0.029948903247714043, 0.029201418161392212, 0.030497031286358833, 0.02924320660531521, 0.031054329127073288, 0.02959039807319641, 0.029015330597758293, 0.02933165803551674, 0.030287902802228928, 0.029277406632900238, 0.031421683728694916, 0.032637301832437515, 0.029729153960943222, 0.029246432706713676, 0.030042637139558792, 0.03035721182823181, 0.02957855723798275, 0.02937343716621399, 0.02994503639638424, 0.02939848229289055, 0.029513433575630188, 0.029046623036265373, 0.029319653287529945, 0.02949676476418972, 0.03039129637181759, 0.02935986965894699, 0.029469503089785576],