{"loss": [0.5548087954521179, 0.3712942600250244, 0.29548782110214233, 0.25915852189064026, 0.23634646832942963, 0.21761563420295715, 0.20351152122020721, 0.18545103073120117, 0.17360620200634003, 0.159359410405159, 0.14716701209545135, 0.1416652947664261, 0.13035809993743896, 0.120760977268219, 0.11462640017271042, 0.11244277656078339, 0.10964110493659973, 0.10729656368494034, 0.10499685257673264, 0.10354907065629959, 0.10511671751737595, 0.10253971070051193, 0.0995897650718689, 0.10058561712503433, 0.09941496700048447, 0.09591574221849442, 0.0926494374871254, 0.09175951778888702, 0.08953046798706055, 0.09287773072719574, 0.092423215508461, 0.09376782923936844, 0.09251526743173599, 0.09021460264921188, 0.0975065678358078, 0.09154029190540314, 0.08882958441972733, 0.08448118716478348, 0.08217599987983704, 0.08009770512580872, 0.08079421520233154, 0.07987508177757263, 0.07881912589073181, 0.07908746600151062, 0.0805109515786171, 0.08641094714403152, 0.08487142622470856, 0.08599552512168884, 0.08775993436574936, 0.08545947819948196, 0.08358665555715561, 0.08082133531570435, 0.07891865074634552, 0.07625727355480194, 0.07488467544317245, 0.07331084460020065, 0.07209599018096924, 0.07116226106882095, 0.07013437896966934, 0.06926567107439041, 0.06845622509717941, 0.06761884689331055, 0.06694204360246658, 0.06662767380475998, 0.0658838227391243, 0.06534355878829956, 0.0654531940817833, 0.06449802964925766, 0.06462912261486053, 0.0697932243347168, 0.10506998747587204, 0.09698076546192169, 0.09086935967206955, 0.09141898900270462, 0.08532451838254929, 0.08466370403766632, 0.0916823148727417, 0.08388078957796097, 0.07837747782468796, 0.07507632672786713, 0.07472801208496094, 0.07291312515735626, 0.07238095253705978, 0.07210006564855576, 0.0717565193772316, 0.07229287177324295, 0.07716327905654907, 0.07649219781160355], "decoder_loss": [0.11314621567726135, 0.0762638971209526, 0.07569266110658646, 0.07514950633049011, 0.07417821139097214, 0.07402525097131729, 0.07309043407440186, 0.07297663390636444, 0.07232777774333954, 0.07206025719642639, 0.07103107869625092, 0.06996727734804153, 0.06897237151861191, 0.06783157587051392, 0.06681564450263977, 0.06598616391420364, 0.06501687318086624, 0.06409230083227158, 0.06341910362243652, 0.06284067034721375, 0.062434107065200806, 0.06178386136889458, 0.06109745427966118, 0.06055980548262596, 0.060636281967163086, 0.05975016579031944, 0.05901595577597618, 0.05884169787168503, 0.0580894872546196, 0.05790623277425766, 0.05736707150936127, 0.056953687220811844, 0.056608717888593674, 0.055889785289764404, 0.05574321746826172, 0.055429086089134216, 0.054783184081315994, 0.05418899282813072, 0.053760018199682236, 0.05328593775629997, 0.053308747708797455, 0.053485672920942307, 0.05310676619410515, 0.053469669073820114, 0.05305812880396843, 0.05306541174650192, 0.05256499722599983, 0.05281602963805199, 0.05270129814743996, 0.05250769853591919, 0.05240944027900696, 0.052008386701345444, 0.05183987691998482, 0.051377423107624054, 0.05111744627356529, 0.050705280154943466, 0.05040590092539787, 0.05016825720667839, 0.04994271695613861, 0.049733929336071014, 0.049539219588041306, 0.04935702681541443, 0.04929744079709053, 0.04915172979235649, 0.04899563267827034, 0.048961713910102844, 0.04891853407025337, 0.04872424155473709, 0.0487629659473896, 0.049250200390815735, 0.0519736148416996, 0.05150306224822998, 0.05097844451665878, 0.05109290033578873, 0.050933144986629486, 0.05059519037604332, 0.05126643553376198, 0.050421517342329025, 0.04982079192996025, 0.049437396228313446, 0.04926998168230057, 0.04912297800183296, 0.04893233999609947, 0.04883788153529167, 0.04902183637022972, 0.04880136251449585, 0.04954776167869568, 0.049703553318977356], "classifier_loss": [2.24832820892334, 1.7293415069580078, 1.3665409088134766, 1.1536815166473389, 1.0083239078521729, 0.8755016922950745, 0.7778250575065613, 0.6400022506713867, 0.5555475354194641, 0.44578805565834045, 0.3559042513370514, 0.3199833929538727, 0.23741374909877777, 0.1740882396697998, 0.13976030051708221, 0.1355416476726532, 0.12472006678581238, 0.11773719638586044, 0.10812856256961823, 0.10470285266637802, 0.1229507178068161, 0.10732975602149963, 0.09242565184831619, 0.10868499428033829, 0.10004626214504242, 0.08078821748495102, 0.06480797380208969, 0.0649491399526596, 0.058813855051994324, 0.0915636345744133, 0.09030254185199738, 0.10013790428638458, 0.08994085341691971, 0.07760338485240936, 0.13749493658542633, 0.08840802311897278, 0.07337341457605362, 0.04865714907646179, 0.041222404688596725, 0.036032382398843765, 0.047918155789375305, 0.04336210712790489, 0.041584376245737076, 0.04464475437998772, 0.06050586700439453, 0.09917245805263519, 0.08509471267461777, 0.0882997140288353, 0.10128907859325409, 0.08161836117506027, 0.06881964951753616, 0.05415079742670059, 0.04471457749605179, 0.03199949115514755, 0.029492780566215515, 0.026444289833307266, 0.02511911280453205, 0.02515755407512188, 0.02384430542588234, 0.023458076640963554, 0.023075256496667862, 0.022059986367821693, 0.021017884835600853, 0.023341607302427292, 0.022113673388957977, 0.02131730131804943, 0.025445425882935524, 0.021808255463838577, 0.02468799613416195, 0.06274893879890442, 0.30663585662841797, 0.21451328694820404, 0.15621019899845123, 0.15619497001171112, 0.10886193066835403, 0.10604067891836166, 0.15670417249202728, 0.09834208339452744, 0.06100432574748993, 0.042449675500392914, 0.04581674188375473, 0.03612028434872627, 0.037267107516527176, 0.03936631232500076, 0.03692176565527916, 0.04567151144146919, 0.07979774475097656, 0.06977099925279617], "decoder_accuracy": [0.0821632668375969, 0.07211224734783173, 0.07669387757778168, 0.07855101674795151, 0.07864286005496979, 0.07917346805334091, 0.0816122442483902, 0.08367346972227097, 0.08631632477045059, 0.08992857486009598, 0.09441836923360825, 0.0941428542137146, 0.09603061527013779, 0.0970408171415329, 0.09703060984611511, 0.09916326403617859, 0.10006122291088104, 0.1002551019191742, 0.10365305840969086, 0.10364285856485367, 0.10622449219226837, 0.10575510561466217, 0.10858163237571716, 0.10827551037073135, 0.1082346960902214, 0.10909183323383331, 0.11283673346042633, 0.11281632632017136, 0.11556122452020645, 0.11646939069032669, 0.11579591780900955, 0.12169387936592102, 0.12113264948129654, 0.12502041459083557, 0.12294898182153702, 0.12325510382652283, 0.12430611997842789, 0.12430611997842789, 0.12676531076431274, 0.12810203433036804, 0.12833672761917114, 0.12979592382907867, 0.1305612176656723, 0.13144898414611816, 0.1296122521162033, 0.12677550315856934, 0.13062244653701782, 0.12811224162578583, 0.12987755239009857, 0.12814286351203918, 0.12942856550216675, 0.13091836869716644, 0.13221429288387299, 0.1325102001428604, 0.13388775289058685, 0.136275514960289, 0.13750000298023224, 0.137071430683136, 0.13748979568481445, 0.13775509595870972, 0.13772448897361755, 0.13977551460266113, 0.13874489068984985, 0.14018367230892181, 0.1394897997379303, 0.14056122303009033, 0.14030611515045166, 0.1404285728931427, 0.140816330909729, 0.1390204131603241, 0.12968367338180542, 0.1318163275718689, 0.13428571820259094, 0.13208162784576416, 0.13132652640342712, 0.13318367302417755, 0.1357346922159195, 0.1397142857313156, 0.14080612361431122, 0.14055101573467255, 0.1426326483488083, 0.14083673059940338, 0.13983672857284546, 0.14195919036865234, 0.13961224257946014, 0.1410612314939499, 0.13443878293037415, 0.13489796221256256],