{"loss": [0.3433416485786438, 0.32845377922058105, 0.32421430945396423, 0.3182675540447235, 0.3174303472042084, 0.3158341944217682, 0.3123898506164551, 0.3129578232765198, 0.31140896677970886, 0.3124876320362091, 0.3091854155063629, 0.31196659803390503, 0.3106793463230133, 0.3082253336906433, 0.3090502619743347, 0.30734390020370483, 0.3054809868335724, 0.30783241987228394, 0.3056037127971649, 0.308791846036911, 0.3052292466163635, 0.30644065141677856, 0.3050844371318817, 0.3063264787197113, 0.3050205409526825, 0.3050914406776428, 0.30130237340927124, 0.302351176738739, 0.3019425570964813, 0.301587849855423, 0.302400678396225, 0.30313438177108765, 0.3037574887275696, 0.30419525504112244, 0.3011320233345032, 0.3022729158401489, 0.2997033894062042, 0.3013494610786438, 0.30191853642463684, 0.3011165261268616, 0.3027346134185791, 0.2989250719547272, 0.2974177598953247, 0.2988995611667633, 0.2983408272266388, 0.29873088002204895, 0.2985219955444336, 0.29892274737358093], "decoder_loss": [0.05160333216190338, 0.04314794763922691, 0.03895549103617668, 0.03706447035074234, 0.03648466244339943, 0.03599342703819275, 0.03558752313256264, 0.03560468554496765, 0.0353744775056839, 0.03528045862913132, 0.035103145986795425, 0.03505542129278183, 0.03506389260292053, 0.0348404124379158, 0.034989140927791595, 0.03486083075404167, 0.03464283049106598, 0.03470808267593384, 0.034571994096040726, 0.03466089442372322, 0.034602902829647064, 0.03446945548057556, 0.034350864589214325, 0.034415699541568756, 0.03436595946550369, 0.03426632657647133, 0.034207042306661606, 0.03416141867637634, 0.034039828926324844, 0.034036193042993546, 0.034066688269376755, 0.034093454480171204, 0.03409537300467491, 0.03392001986503601, 0.03393879905343056, 0.033840227872133255, 0.033865779638290405, 0.03389275074005127, 0.03385228291153908, 0.033778347074985504, 0.033844154328107834, 0.03373565524816513, 0.033592239022254944, 0.033722613006830215, 0.033494774252176285, 0.03364808112382889, 0.03350784629583359, 0.03351728990674019], "classifier_loss": [2.261881113052368, 2.2174510955810547, 2.22281813621521, 2.1950461864471436, 2.1968040466308594, 2.1911346912384033, 2.1694908142089844, 2.176161527633667, 2.167555809020996, 2.1785638332366943, 2.1549668312072754, 2.178781747817993, 2.1694793701171875, 2.1525590419769287, 2.1587815284729004, 2.146888017654419, 2.134381055831909, 2.1532673835754395, 2.137056827545166, 2.162362575531006, 2.134774684906006, 2.145951509475708, 2.136453628540039, 2.1462063789367676, 2.136512041091919, 2.1382312774658203, 2.108704090118408, 2.1177546977996826, 2.1157383918762207, 2.1132218837738037, 2.119753360748291, 2.1256630420684814, 2.1308789253234863, 2.136040449142456, 2.111607313156128, 2.121753692626953, 2.1012122631073, 2.1143972873687744, 2.1194815635681152, 2.1138644218444824, 2.1264851093292236, 2.097062826156616, 2.08634614944458, 2.097343921661377, 2.0948734283447266, 2.0969386100769043, 2.0965514183044434, 2.099841594696045], "decoder_accuracy": [0.03793749958276749, 0.04714285582304001, 0.05260714143514633, 0.05418749898672104, 0.05598214268684387, 0.0542946420609951, 0.05638393014669418, 0.05708928406238556, 0.0567232146859169, 0.055294644087553024, 0.05952678620815277, 0.058696430176496506, 0.05962499976158142, 0.05858928710222244, 0.0589553564786911, 0.05818749964237213, 0.05920535698533058, 0.05858035758137703, 0.05830357223749161, 0.0599374994635582, 0.05903571471571922, 0.059633929282426834, 0.05805357173085213, 0.0573124997317791, 0.05786607041954994, 0.058517858386039734, 0.05776785686612129, 0.058714285492897034, 0.05887499824166298, 0.05863392725586891, 0.058741070330142975, 0.05944642797112465, 0.05903571471571922, 0.059312500059604645, 0.05892857164144516, 0.059160713106393814, 0.06043750047683716, 0.057973213493824005, 0.06004464253783226, 0.06024106964468956, 0.05932142958045006, 0.05929464101791382, 0.059410713613033295, 0.05850892886519432, 0.059785712510347366, 0.0591517873108387, 0.06003571301698685, 0.060107141733169556], "classifier_accuracy": [0.16257143020629883, 0.18085713684558868, 0.18114285171031952, 0.19542856514453888, 0.19857142865657806, 0.20514285564422607, 0.21142856776714325, 0.20399999618530273, 0.20485714077949524, 0.20999999344348907, 0.20800000429153442, 0.20685714483261108, 0.21457143127918243, 0.2231428623199463, 0.22228571772575378, 0.22542856633663177, 0.22228571772575378, 0.21400000154972076, 0.23428571224212646, 0.22657142579555511, 0.22628571093082428, 0.22457142174243927, 0.2328571379184723, 0.2337142825126648, 0.2257142812013626, 0.22857142984867096, 0.23342856764793396, 0.23199999332427979, 0.23885715007781982, 0.24142856895923615, 0.23228570818901062, 0.22742857038974762, 0.2288571447134018, 0.2297142893075943, 0.23771429061889648, 0.2362857162952423, 0.23571428656578064, 0.23971427977085114, 0.23800000548362732, 0.23257142305374146, 0.22914285957813263, 0.24485714733600616, 0.24857142567634583, 0.24799999594688416, 0.238571435213089, 0.24857142567634583, 0.24685713648796082, 0.24685713648796082], "val_loss": [0.333053320646286, 0.3191004693508148, 0.32143139839172363, 0.3220568299293518, 0.315817654132843, 0.31930580735206604, 0.3165013790130615, 0.3167172968387604, 0.31446510553359985, 0.31235557794570923, 0.31229904294013977, 0.3124770224094391, 0.31485122442245483, 0.31074821949005127, 0.3128948509693146, 0.3114778399467468, 0.3209417164325714, 0.30959054827690125, 0.3116871416568756, 0.3123036324977875, 0.30784502625465393, 0.306965172290802, 0.31377241015434265, 0.3087494373321533, 0.3066522479057312, 0.3082602024078369, 0.3131270408630371, 0.3045044243335724, 0.3073638379573822, 0.3076777458190918, 0.3104194104671478, 0.30865782499313354, 0.3115254044532776, 0.3178653120994568, 0.3089623749256134, 0.3142489492893219, 0.31084030866622925, 0.30958670377731323, 0.30771371722221375, 0.3060818016529083, 0.30650097131729126, 0.3183472156524658, 0.30685606598854065, 0.30551397800445557, 0.30581432580947876, 0.30804744362831116, 0.3100748062133789, 0.3084290027618408], "val_decoder_loss": [0.04552924633026123, 0.0408528633415699, 0.03800322860479355, 0.03653064742684364, 0.03575193136930466, 0.03558012470602989, 0.03496865928173065, 0.03519706800580025, 0.03480048105120659, 0.03484400361776352, 0.03488985821604729, 0.034887317568063736, 0.034533362835645676, 0.034720201045274734, 0.034559231251478195, 0.03430384397506714, 0.03429979458451271, 0.03437001258134842, 0.034207142889499664, 0.03439594805240631, 0.03407875448465347, 0.034115761518478394, 0.03425910696387291, 0.03382066264748573, 0.03425015136599541, 0.03429564833641052, 0.034112319350242615, 0.03368130326271057, 0.033660851418972015, 0.03388374671339989, 0.033847928047180176, 0.03357170894742012, 0.033613912761211395, 0.03392530977725983, 0.033568691462278366, 0.0344899483025074, 0.03354186937212944, 0.0336742028594017, 0.033583130687475204, 0.033591024577617645, 0.03362228721380234, 0.03325508534908295, 0.03325381875038147, 0.03339957818388939, 0.0335320383310318, 0.03322533145546913, 0.03335801884531975, 0.03327186033129692],