{"loss": [0.3497679531574249, 0.3377481997013092, 0.33305156230926514, 0.32477590441703796, 0.3190031051635742, 0.3175140917301178, 0.31687262654304504, 0.31269603967666626, 0.31477659940719604, 0.31419190764427185, 0.313618928194046, 0.3105562925338745, 0.3121301233768463, 0.31148117780685425, 0.3139091432094574, 0.30995211005210876, 0.31059494614601135, 0.3105231821537018, 0.31045472621917725, 0.30772218108177185, 0.3099796175956726, 0.3087599277496338, 0.3096763789653778, 0.3095371723175049, 0.30863654613494873, 0.3092304766178131, 0.3081930875778198, 0.3081359565258026, 0.30905234813690186, 0.3085792362689972, 0.30762675404548645, 0.3087259829044342, 0.30849382281303406, 0.3062402606010437, 0.3080202043056488, 0.30631256103515625, 0.30527034401893616, 0.30914393067359924, 0.30635887384414673, 0.30567434430122375, 0.30640357732772827, 0.3065595328807831, 0.30660200119018555, 0.30404746532440186, 0.3046981990337372, 0.30508580803871155, 0.30621349811553955, 0.30400189757347107, 0.3055454194545746, 0.30256929993629456, 0.30624550580978394, 0.3039548397064209, 0.30312642455101013, 0.30375319719314575, 0.30357038974761963, 0.3024960458278656, 0.3046533167362213, 0.30211660265922546, 0.3037014901638031], "decoder_loss": [0.05478517711162567, 0.0460829995572567, 0.04332942143082619, 0.03933044150471687, 0.03647197037935257, 0.035110559314489365, 0.03450797498226166, 0.03408896178007126, 0.033866096287965775, 0.03399745747447014, 0.03360992297530174, 0.03355616331100464, 0.03359018266201019, 0.0337371751666069, 0.033736079931259155, 0.0333440899848938, 0.03350444510579109, 0.03333985432982445, 0.03339168429374695, 0.033256158232688904, 0.0332893431186676, 0.03333370015025139, 0.03339483588933945, 0.03326176106929779, 0.033318184316158295, 0.03328235447406769, 0.033323705196380615, 0.03325536102056503, 0.03326844424009323, 0.03332667052745819, 0.03329735994338989, 0.033280350267887115, 0.03336940333247185, 0.033239226788282394, 0.03329121693968773, 0.03322576358914375, 0.033204857259988785, 0.03339134901762009, 0.033270787447690964, 0.033200234174728394, 0.03332510218024254, 0.03334973752498627, 0.033301662653684616, 0.033210497349500656, 0.03326078876852989, 0.033174775540828705, 0.033327020704746246, 0.033194221556186676, 0.03325340524315834, 0.03317500278353691, 0.03326393663883209, 0.033232420682907104, 0.03309120237827301, 0.033123455941677094, 0.033305589109659195, 0.033159539103507996, 0.033299267292022705, 0.033149052411317825, 0.03318657726049423], "classifier_loss": [2.2691915035247803, 2.2502763271331787, 2.2410941123962402, 2.2121505737304688, 2.1931614875793457, 2.1957437992095947, 2.198503017425537, 2.1710634231567383, 2.1917710304260254, 2.188021421432495, 2.188227891921997, 2.165661096572876, 2.179321527481079, 2.174147129058838, 2.194664239883423, 2.1671087741851807, 2.171862840652466, 2.1734631061553955, 2.173264980316162, 2.153215169906616, 2.1716763973236084, 2.162240982055664, 2.1697075366973877, 2.170248031616211, 2.1631691455841064, 2.1687614917755127, 2.1606693267822266, 2.161268472671509, 2.1690094470977783, 2.1652588844299316, 2.158332109451294, 2.167731761932373, 2.165614604949951, 2.14904522895813, 2.1632978916168213, 2.150576591491699, 2.1427948474884033, 2.1726834774017334, 2.1517493724823, 2.147209405899048, 2.1524202823638916, 2.1538162231445312, 2.154885768890381, 2.135521173477173, 2.140666961669922, 2.1447737216949463, 2.152897596359253, 2.136575698852539, 2.1487457752227783, 2.1258654594421387, 2.1548566818237305, 2.137061834335327, 2.1318464279174805, 2.1368722915649414, 2.1342082023620605, 2.127051830291748, 2.1434481143951416, 2.1245980262756348, 2.13722562789917], "decoder_accuracy": [0.037812501192092896, 0.04878571256995201, 0.0489107146859169, 0.05136607214808464, 0.05242856964468956, 0.0524553582072258, 0.05511607229709625, 0.05542857199907303, 0.05597321316599846, 0.05587499961256981, 0.05715178698301315, 0.058142855763435364, 0.05703571438789368, 0.05582142993807793, 0.057276785373687744, 0.05952678620815277, 0.05806250125169754, 0.058642856776714325, 0.059464287012815475, 0.05939285829663277, 0.05909821391105652, 0.05852678418159485, 0.0588214285671711, 0.057651784271001816, 0.05874999985098839, 0.058098215609788895, 0.05811607092618942, 0.059089284390211105, 0.05888392776250839, 0.05907142907381058, 0.05751785635948181, 0.058696430176496506, 0.057678572833538055, 0.05782143026590347, 0.058276787400245667, 0.05884821340441704, 0.05810714140534401, 0.05766964331269264, 0.058910712599754333, 0.05897321552038193, 0.05925893038511276, 0.05833928659558296, 0.0589553564786911, 0.05892857164144516, 0.05815178528428078, 0.05888392776250839, 0.05825892835855484, 0.0591517873108387, 0.05979464203119278, 0.05885714292526245, 0.05811607092618942, 0.05808928608894348, 0.059241071343421936, 0.05849999934434891, 0.05868750065565109, 0.05991964414715767, 0.05817857012152672, 0.0604642853140831, 0.05951785668730736], "classifier_accuracy": [0.15285713970661163, 0.16542857885360718, 0.16457143425941467, 0.18028570711612701, 0.18371428549289703, 0.18571428954601288, 0.18628571927547455, 0.19457143545150757, 0.18714286386966705, 0.1988571435213089, 0.1940000057220459, 0.20342856645584106, 0.19457143545150757, 0.2028571367263794, 0.19428572058677673, 0.20114286243915558, 0.1979999989271164, 0.1931428611278534, 0.20342856645584106, 0.21657143533229828, 0.2005714327096939, 0.2005714327096939, 0.2077142894268036, 0.20714285969734192, 0.20314285159111023, 0.2077142894268036, 0.19742856919765472, 0.1948571354150772, 0.19342857599258423, 0.20714285969734192, 0.21228571236133575, 0.20228570699691772, 0.20342856645584106, 0.2054285705089569, 0.20428571105003357, 0.20685714483261108, 0.21085713803768158, 0.20314285159111023, 0.20342856645584106, 0.2094285786151886, 0.21142856776714325, 0.2125714272260666, 0.21371428668498993, 0.21285714209079742, 0.2125714272260666, 0.20200000703334808, 0.20742857456207275, 0.20399999618530273, 0.2037142813205719, 0.21085713803768158, 0.21085713803768158, 0.20571428537368774, 0.21085713803768158, 0.2045714259147644, 0.2085714340209961, 0.21799999475479126, 0.21371428668498993, 0.2077142894268036, 0.2168571501970291], "val_loss": [0.33923307061195374, 0.3373173177242279, 0.3306121230125427, 0.32533249258995056, 0.3194858729839325, 0.3154517114162445, 0.31706544756889343, 0.31961172819137573, 0.3141440153121948, 0.32019853591918945, 0.31906357407569885, 0.3165251612663269, 0.32900339365005493, 0.3208729922771454, 0.3202838599681854, 0.3206562101840973, 0.31699836254119873, 0.31628260016441345, 0.32262641191482544, 0.3168274760246277, 0.3179399073123932, 0.3159298598766327, 0.3169378638267517, 0.3164903223514557, 0.3240790367126465, 0.3200431168079376, 0.3164996802806854, 0.31270870566368103, 0.3203754425048828, 0.31581905484199524, 0.31611940264701843, 0.3230186700820923, 0.31806692481040955, 0.31596118211746216, 0.3134493827819824, 0.321137398481369, 0.31755536794662476, 0.3134966492652893, 0.3110867738723755, 0.3174575865268707, 0.31200334429740906, 0.3235607445240021, 0.31531694531440735, 0.3149634301662445, 0.3165087103843689, 0.31846970319747925, 0.3134382367134094, 0.31623324751853943, 0.31185877323150635, 0.31578370928764343, 0.32211607694625854, 0.31183066964149475, 0.3183833062648773, 0.3184398114681244, 0.3211679756641388, 0.3190876543521881, 0.32268694043159485, 0.3172745704650879, 0.31879913806915283],