{"loss": [0.26851826906204224, 0.19292370975017548, 0.16196271777153015, 0.1468309611082077, 0.13735058903694153, 0.1299719214439392, 0.1269611418247223, 0.12280136346817017, 0.12035807222127914, 0.11585459113121033, 0.11577561497688293, 0.1124923974275589, 0.11202818155288696, 0.10958057641983032, 0.10869660973548889, 0.10731145739555359, 0.10614386200904846, 0.10599836707115173, 0.10512904822826385, 0.10390441119670868, 0.10307738929986954, 0.10330355912446976, 0.10203146189451218, 0.10338002443313599, 0.10031077265739441, 0.10033218562602997, 0.09996871650218964, 0.0998910516500473, 0.09948693215847015, 0.09884238988161087, 0.0971909761428833, 0.09840913861989975, 0.09658443927764893, 0.09704738110303879, 0.09589853137731552, 0.09548326581716537, 0.09610267728567123, 0.09621571749448776, 0.09604281187057495, 0.09535904973745346, 0.09470633417367935, 0.09415359795093536, 0.09420296549797058, 0.09465651959180832, 0.09372246265411377, 0.09360373020172119, 0.09356498718261719, 0.09265018999576569, 0.0917695164680481, 0.0917949229478836, 0.09260313212871552, 0.0935063511133194, 0.09208442270755768, 0.09131663292646408, 0.09092214703559875, 0.09168638288974762, 0.08946678787469864, 0.09080732613801956, 0.08946619182825089, 0.08916820585727692, 0.08989406377077103, 0.08869237452745438, 0.0898880586028099, 0.08973217010498047, 0.09052088856697083, 0.09056997299194336, 0.08830254524946213, 0.08822674304246902, 0.08838409185409546, 0.08839520066976547, 0.0873498022556305, 0.08668150007724762, 0.08625555783510208, 0.08845041692256927, 0.08665820956230164, 0.08651168644428253, 0.08643472194671631, 0.08748907595872879, 0.08754628151655197, 0.08721780776977539, 0.08506138622760773, 0.08532043546438217, 0.08581231534481049, 0.085252545773983, 0.08581182360649109, 0.08574829995632172, 0.08471503853797913, 0.08505607396364212], "decoder_loss": [0.09802775084972382, 0.07577875256538391, 0.06868914514780045, 0.06445692479610443, 0.061652056872844696, 0.05923648178577423, 0.05748726427555084, 0.05608244612812996, 0.05456365644931793, 0.05348704010248184, 0.05231696367263794, 0.051658518612384796, 0.05071871355175972, 0.050168827176094055, 0.04968070611357689, 0.048952389508485794, 0.04841243475675583, 0.04798978939652443, 0.0475349947810173, 0.04731195792555809, 0.04713158309459686, 0.04675641655921936, 0.046396952122449875, 0.04613560810685158, 0.04569951072335243, 0.045530226081609726, 0.045480068773031235, 0.04529048874974251, 0.04505874216556549, 0.044841278344392776, 0.0445619598031044, 0.044398434460163116, 0.044162895530462265, 0.04384917393326759, 0.04380184784531593, 0.04362710192799568, 0.04361998289823532, 0.04329243674874306, 0.043110523372888565, 0.043065909296274185, 0.042822208255529404, 0.04262204468250275, 0.0425570122897625, 0.042644061148166656, 0.042393721640110016, 0.04235995188355446, 0.04218733683228493, 0.04195139929652214, 0.042035460472106934, 0.041801124811172485, 0.04178447276353836, 0.04167505353689194, 0.04164936766028404, 0.041357267647981644, 0.04139479994773865, 0.041385404765605927, 0.040901049971580505, 0.04105399176478386, 0.040752723813056946, 0.04085372015833855, 0.040873654186725616, 0.04074647277593613, 0.04070943593978882, 0.040558136999607086, 0.04076986387372017, 0.04055008292198181, 0.04030918702483177, 0.040156442672014236, 0.040319669991731644, 0.04042183980345726, 0.0399639718234539, 0.039776481688022614, 0.03976771607995033, 0.03996158018708229, 0.039726413786411285, 0.039837632328271866, 0.039450548589229584, 0.03956643491983414, 0.039566367864608765, 0.03959512710571289, 0.03929270803928375, 0.03931298851966858, 0.03941316157579422, 0.03946094214916229, 0.03919476643204689, 0.0392594113945961, 0.039392851293087006, 0.03886421397328377], "classifier_loss": [1.265326976776123, 0.8447169661521912, 0.6590551733970642, 0.5763224959373474, 0.5265650153160095, 0.4898662865161896, 0.48231545090675354, 0.4624795615673065, 0.4569118022918701, 0.43103471398353577, 0.44110602140426636, 0.4212503731250763, 0.42606329917907715, 0.41176944971084595, 0.4093985855579376, 0.40486347675323486, 0.4004862308502197, 0.40327510237693787, 0.40051165223121643, 0.39300304651260376, 0.3883039057254791, 0.3935634195804596, 0.38670212030410767, 0.3999597728252411, 0.37929072976112366, 0.3811852037906647, 0.379032164812088, 0.3802652657032013, 0.3792511224746704, 0.3761722147464752, 0.3655184507369995, 0.3768634498119354, 0.36446481943130493, 0.37096303701400757, 0.3624574542045593, 0.3608245551586151, 0.3661156892776489, 0.369927316904068, 0.37028369307518005, 0.36544281244277954, 0.36244410276412964, 0.3598787784576416, 0.3610524535179138, 0.36422887444496155, 0.35898151993751526, 0.35855191946029663, 0.3598560690879822, 0.3546562194824219, 0.3471629023551941, 0.3494552969932556, 0.35626351833343506, 0.3645773231983185, 0.3536352515220642, 0.35004016757011414, 0.3467930257320404, 0.35318517684936523, 0.33951079845428467, 0.34920889139175415, 0.3410699963569641, 0.3380628824234009, 0.3439040184020996, 0.33550897240638733, 0.34555479884147644, 0.3457089364528656, 0.35050511360168457, 0.3528541028499603, 0.33681294322013855, 0.3376063406467438, 0.33772557973861694, 0.33716511726379395, 0.3326485753059387, 0.3289680778980255, 0.3257986605167389, 0.34195372462272644, 0.32966354489326477, 0.3277655839920044, 0.33040302991867065, 0.3380691409111023, 0.338688462972641, 0.33598965406417847, 0.3213210105895996, 0.32336774468421936, 0.32665789127349854, 0.3219451606273651, 0.3286791145801544, 0.32779520750045776, 0.3185981214046478, 0.3256995975971222], "decoder_accuracy": [0.06703060865402222, 0.08305101841688156, 0.09362244606018066, 0.09872449189424515, 0.10604081302881241, 0.11334694176912308, 0.1173265278339386, 0.11884693801403046, 0.12267346680164337, 0.12675510346889496, 0.1319693922996521, 0.13193877041339874, 0.134561225771904, 0.13715305924415588, 0.13942857086658478, 0.14040815830230713, 0.14378571510314941, 0.14569388329982758, 0.14610204100608826, 0.1489693820476532, 0.15110203623771667, 0.15025509893894196, 0.14911223948001862, 0.15181632339954376, 0.15423469245433807, 0.15454082190990448, 0.1557857096195221, 0.15455101430416107, 0.15724489092826843, 0.15936735272407532, 0.1566428542137146, 0.15826530754566193, 0.1625204086303711, 0.16108162701129913, 0.1639285683631897, 0.1642449051141739, 0.164632648229599, 0.1694081574678421, 0.16632653772830963, 0.16426530480384827, 0.16958163678646088, 0.1708163321018219, 0.169173464179039, 0.16923469305038452, 0.17090816795825958, 0.1726122498512268, 0.17069387435913086, 0.17649999260902405, 0.17367346584796906, 0.17360204458236694, 0.17639796435832977, 0.17381632328033447, 0.17511224746704102, 0.1772449016571045, 0.17565305531024933, 0.17550000548362732, 0.1790306121110916, 0.17640815675258636, 0.17838776111602783, 0.17675510048866272, 0.1771530658006668, 0.17782652378082275, 0.1777040809392929, 0.17985714972019196, 0.17835713922977448, 0.18137754499912262, 0.1824897974729538, 0.18089796602725983, 0.17936734855175018, 0.1812244951725006, 0.1813979595899582, 0.18219387531280518, 0.18316327035427094, 0.18198978900909424, 0.18208163976669312, 0.18144898116588593, 0.1842857152223587, 0.18495918810367584, 0.18426530063152313, 0.18376530706882477, 0.185469388961792, 0.18458163738250732, 0.18544897437095642, 0.18324489891529083, 0.1855306178331375, 0.18361224234104156, 0.18388774991035461, 0.18735714256763458],