{"loss": [0.35167887806892395, 0.33514273166656494, 0.3246194124221802, 0.3193705677986145, 0.3204003572463989, 0.3164648711681366, 0.3160969018936157, 0.31653058528900146, 0.3162696957588196, 0.31336063146591187, 0.31199491024017334, 0.3123447000980377, 0.3120424747467041, 0.31312260031700134, 0.30930548906326294, 0.31125861406326294, 0.31185901165008545, 0.31103891134262085, 0.3089295029640198, 0.3085373640060425, 0.307294636964798, 0.30970099568367004, 0.3104815185070038, 0.30744946002960205, 0.3088783621788025, 0.308437705039978, 0.3055581748485565, 0.30617934465408325, 0.30397289991378784, 0.305545836687088, 0.30389901995658875, 0.3078934848308563, 0.30747538805007935, 0.3054141700267792, 0.30547621846199036, 0.30556970834732056, 0.3042176365852356, 0.3047617971897125, 0.30460748076438904, 0.3044477105140686, 0.30275288224220276, 0.304502934217453, 0.30491894483566284, 0.30208298563957214, 0.30395111441612244, 0.30358728766441345, 0.3016815483570099, 0.30269333720207214, 0.3038431704044342, 0.3016090989112854, 0.30306679010391235, 0.3023242950439453, 0.3020034730434418, 0.3028697371482849, 0.30195629596710205, 0.3024488091468811, 0.3012493848800659, 0.3005325496196747, 0.30287429690361023, 0.29962825775146484, 0.2998603582382202, 0.29908204078674316, 0.30023232102394104, 0.2991209924221039, 0.3008659780025482, 0.2996355891227722, 0.29928094148635864, 0.29955893754959106, 0.30108609795570374, 0.2963278591632843, 0.2999502420425415, 0.29850518703460693, 0.29868432879447937, 0.29779425263404846, 0.29805344343185425, 0.29807958006858826, 0.2987743020057678], "decoder_loss": [0.0565764494240284, 0.0465804822742939, 0.038638655096292496, 0.03677459806203842, 0.036048129200935364, 0.035729046911001205, 0.035258203744888306, 0.03520999103784561, 0.03511619195342064, 0.034815140068531036, 0.034822672605514526, 0.034572698175907135, 0.03455669805407524, 0.034391917288303375, 0.03431049361824989, 0.034377556294202805, 0.03435509651899338, 0.03439554199576378, 0.034296322613954544, 0.03414149582386017, 0.033951446413993835, 0.03410901874303818, 0.03412466123700142, 0.03390536829829216, 0.033922549337148666, 0.0339830219745636, 0.033779263496398926, 0.033903904259204865, 0.033750489354133606, 0.03378529101610184, 0.03378653526306152, 0.033881958574056625, 0.03381969407200813, 0.03377735614776611, 0.0338250994682312, 0.033861447125673294, 0.033788371831178665, 0.03371048346161842, 0.033686425536870956, 0.0337069034576416, 0.033563531935214996, 0.03370142728090286, 0.0336119681596756, 0.033614035695791245, 0.03374402970075607, 0.03367988020181656, 0.03354246914386749, 0.033687788993120193, 0.03368888795375824, 0.03363780304789543, 0.03357330709695816, 0.0335855633020401, 0.03351117670536041, 0.03366253525018692, 0.03358302265405655, 0.03365824744105339, 0.03354260325431824, 0.03351933881640434, 0.0338214673101902, 0.03366199508309364, 0.033535346388816833, 0.033471666276454926, 0.033489078283309937, 0.03359444811940193, 0.03362934663891792, 0.033502042293548584, 0.03352145105600357, 0.0335184745490551, 0.03364476561546326, 0.03346709907054901, 0.03350996971130371, 0.03352520614862442, 0.03353138640522957, 0.03361772000789642, 0.03350720927119255, 0.03349718451499939, 0.03356141224503517], "classifier_loss": [2.254958391189575, 2.2123913764953613, 2.199708938598633, 2.1793088912963867, 2.1988844871520996, 2.1746816635131836, 2.1795735359191895, 2.1869254112243652, 2.188617706298828, 2.1703760623931885, 2.16167950630188, 2.1684606075286865, 2.1679229736328125, 2.1793999671936035, 2.1508421897888184, 2.16715407371521, 2.1732757091522217, 2.167417526245117, 2.1521949768066406, 2.151121139526367, 2.1434624195098877, 2.1621737480163574, 2.1689605712890625, 2.1470863819122314, 2.1589620113372803, 2.1555228233337402, 2.1346280574798584, 2.1391239166259766, 2.123196840286255, 2.1359763145446777, 2.1232402324676514, 2.154893159866333, 2.1525039672851562, 2.1367685794830322, 2.137303352355957, 2.1381633281707764, 2.1283247470855713, 2.133671760559082, 2.133030414581299, 2.1319496631622314, 2.1198549270629883, 2.1330878734588623, 2.1374754905700684, 2.1150691509246826, 2.1292881965637207, 2.127203941345215, 2.1133382320404053, 2.1205556392669678, 2.1300482749938965, 2.1128525733947754, 2.125303030014038, 2.1195266246795654, 2.1178014278411865, 2.123769998550415, 2.117339611053467, 2.1209311485290527, 2.112464427947998, 2.107120990753174, 2.123664379119873, 2.099173069000244, 2.1022355556488037, 2.096731424331665, 2.1059999465942383, 2.0964515209198, 2.1103272438049316, 2.101686477661133, 2.098872184753418, 2.1012895107269287, 2.1126556396484375, 2.0761663913726807, 2.104963541030884, 2.093446731567383, 2.0949745178222656, 2.087317705154419, 2.09041166305542, 2.090846538543701, 2.0960299968719482], "decoder_accuracy": [0.03918749839067459, 0.044535715132951736, 0.045794643461704254, 0.05019642785191536, 0.04988392814993858, 0.05083928629755974, 0.05124107003211975, 0.05188392847776413, 0.052366070449352264, 0.054178573191165924, 0.05485714226961136, 0.05591071397066116, 0.055589284747838974, 0.05647321417927742, 0.056285712867975235, 0.05680357292294502, 0.05800892785191536, 0.058196429163217545, 0.057455357164144516, 0.05945535749197006, 0.05788392946124077, 0.05926785618066788, 0.05905357003211975, 0.05893750116229057, 0.06006250157952309, 0.0598750002682209, 0.05969642847776413, 0.06011607125401497, 0.05964285880327225, 0.05905357003211975, 0.06022321432828903, 0.06111607328057289, 0.05925893038511276, 0.06096428632736206, 0.060303572565317154, 0.060830358415842056, 0.060553573071956635, 0.06070535629987717, 0.06139285862445831, 0.061250001192092896, 0.061169642955064774, 0.060750000178813934, 0.06015178561210632, 0.05983928591012955, 0.06061607226729393, 0.06115178391337395, 0.0610535703599453, 0.06181250140070915, 0.061223212629556656, 0.06095535680651665, 0.06108035892248154, 0.06104464456439018, 0.06088392809033394, 0.06038392707705498, 0.06091071292757988, 0.060178570449352264, 0.06058928743004799, 0.06155357137322426, 0.06247321516275406, 0.06100893020629883, 0.06193749979138374, 0.061964284628629684, 0.060901787132024765, 0.06209821254014969, 0.06142857298254967, 0.0621071420609951, 0.060776785016059875, 0.062062498182058334, 0.061026785522699356, 0.06239285692572594, 0.061196427792310715, 0.06100893020629883, 0.062339287251234055, 0.06120535731315613, 0.06198214367032051, 0.06168749928474426, 0.062089286744594574],